﻿<?xml version="1.0" encoding="utf-8"?><HelpTOCNode Title="Connection Methods" Url="html/Methods_T_ConnDBlib_Connection.htm"><HelpTOCNode Title="add_table Method " Url="html/M_ConnDBlib_Connection_add_table.htm" /><HelpTOCNode Title="Close Method " Url="html/M_ConnDBlib_Connection_Close.htm" /><HelpTOCNode Title="ExecuteDataSet Method " Url="html/M_ConnDBlib_Connection_ExecuteDataSet.htm" /><HelpTOCNode Title="ExecuteDataSet2 Method " Url="html/M_ConnDBlib_Connection_ExecuteDataSet2.htm" /><HelpTOCNode Title="ExecuteNonQuery Method " Url="html/M_ConnDBlib_Connection_ExecuteNonQuery.htm" /><HelpTOCNode Title="ExecuteNonQuery2 Method " Url="html/M_ConnDBlib_Connection_ExecuteNonQuery2.htm" /><HelpTOCNode Title="ExecuteReader Method " Url="html/M_ConnDBlib_Connection_ExecuteReader.htm" /><HelpTOCNode Title="GetString Method " Url="html/M_ConnDBlib_Connection_GetString.htm" /><HelpTOCNode Title="insert_row Method " Url="html/M_ConnDBlib_Connection_insert_row.htm" /><HelpTOCNode Title="Open Method " Url="html/M_ConnDBlib_Connection_Open.htm" /></HelpTOCNode>