﻿<?xml version="1.0" encoding="utf-8"?><HelpTOCNode Title="FunctionHandler Methods" Url="html/Methods_T_ConnDBlib_FunctionHandler.htm"><HelpTOCNode Title="addFunction Method " Url="html/Overload_ConnDBlib_FunctionHandler_addFunction.htm" HasChildren="true" /><HelpTOCNode Title="checkFunctionExist Method " Url="html/M_ConnDBlib_FunctionHandler_checkFunctionExist.htm" /><HelpTOCNode Title="deleteNullSlope Method " Url="html/M_ConnDBlib_FunctionHandler_deleteNullSlope.htm" /><HelpTOCNode Title="dropFunction Method " Url="html/M_ConnDBlib_FunctionHandler_dropFunction.htm" /><HelpTOCNode Title="getFirstHundredFunction Method " Url="html/M_ConnDBlib_FunctionHandler_getFirstHundredFunction.htm" /><HelpTOCNode Title="getFunctionColumns Method " Url="html/M_ConnDBlib_FunctionHandler_getFunctionColumns.htm" /><HelpTOCNode Title="getFunctions Method " Url="html/M_ConnDBlib_FunctionHandler_getFunctions.htm" /><HelpTOCNode Title="makeQueryAddFunction Method " Url="html/M_ConnDBlib_FunctionHandler_makeQueryAddFunction.htm" /></HelpTOCNode>