﻿<?xml version="1.0" encoding="utf-8"?><HelpTOCNode Title="ConnDBlib" Url="html/N_ConnDBlib.htm"><HelpTOCNode Title="Connection Class" Url="html/T_ConnDBlib_Connection.htm" HasChildren="true" /><HelpTOCNode Title="DimensionHandler Class" Url="html/T_ConnDBlib_DimensionHandler.htm" HasChildren="true" /><HelpTOCNode Title="FactHandler Class" Url="html/T_ConnDBlib_FactHandler.htm" HasChildren="true" /><HelpTOCNode Title="FunctionHandler Class" Url="html/T_ConnDBlib_FunctionHandler.htm" HasChildren="true" /><HelpTOCNode Title="HierarchyHandler Class" Url="html/T_ConnDBlib_HierarchyHandler.htm" HasChildren="true" /><HelpTOCNode Title="InitHandler Class" Url="html/T_ConnDBlib_InitHandler.htm" HasChildren="true" /><HelpTOCNode Title="ProjectHandler Class" Url="html/T_ConnDBlib_ProjectHandler.htm" HasChildren="true" /><HelpTOCNode Title="Result Class" Url="html/T_ConnDBlib_Result.htm" HasChildren="true" /><HelpTOCNode Title="StatHandler Class" Url="html/T_ConnDBlib_StatHandler.htm" HasChildren="true" /></HelpTOCNode>