﻿<?xml version="1.0" encoding="utf-8"?><HelpTOCNode Title="IntervalApp.MainUserControls" Url="html/N_IntervalApp_MainUserControls.htm"><HelpTOCNode Title="CreateDimensions Class" Url="html/T_IntervalApp_MainUserControls_CreateDimensions.htm" HasChildren="true" /><HelpTOCNode Title="CreateFacts Class" Url="html/T_IntervalApp_MainUserControls_CreateFacts.htm" HasChildren="true" /><HelpTOCNode Title="CreateFunctionTable Class" Url="html/T_IntervalApp_MainUserControls_CreateFunctionTable.htm" HasChildren="true" /><HelpTOCNode Title="CreateHierarchies Class" Url="html/T_IntervalApp_MainUserControls_CreateHierarchies.htm" HasChildren="true" /><HelpTOCNode Title="CreateRelations Class" Url="html/T_IntervalApp_MainUserControls_CreateRelations.htm" HasChildren="true" /><HelpTOCNode Title="Dimensions Class" Url="html/T_IntervalApp_MainUserControls_Dimensions.htm" HasChildren="true" /><HelpTOCNode Title="Facts Class" Url="html/T_IntervalApp_MainUserControls_Facts.htm" HasChildren="true" /><HelpTOCNode Title="FunctionTables Class" Url="html/T_IntervalApp_MainUserControls_FunctionTables.htm" HasChildren="true" /><HelpTOCNode Title="Hierarchies Class" Url="html/T_IntervalApp_MainUserControls_Hierarchies.htm" HasChildren="true" /><HelpTOCNode Title="Import Class" Url="html/T_IntervalApp_MainUserControls_Import.htm" HasChildren="true" /><HelpTOCNode Title="MainMenu Class" Url="html/T_IntervalApp_MainUserControls_MainMenu.htm" HasChildren="true" /><HelpTOCNode Title="ProjectPage Class" Url="html/T_IntervalApp_MainUserControls_ProjectPage.htm" HasChildren="true" /><HelpTOCNode Title="Query Class" Url="html/T_IntervalApp_MainUserControls_Query.htm" HasChildren="true" /><HelpTOCNode Title="QueryResult Class" Url="html/T_IntervalApp_MainUserControls_QueryResult.htm" HasChildren="true" /><HelpTOCNode Title="Relations Class" Url="html/T_IntervalApp_MainUserControls_Relations.htm" HasChildren="true" /><HelpTOCNode Title="ShowFunction Class" Url="html/T_IntervalApp_MainUserControls_ShowFunction.htm" HasChildren="true" /><HelpTOCNode Title="Stats Class" Url="html/T_IntervalApp_MainUserControls_Stats.htm" HasChildren="true" /><HelpTOCNode Title="TableSheet Class" Url="html/T_IntervalApp_MainUserControls_TableSheet.htm" HasChildren="true" /></HelpTOCNode>