﻿<?xml version="1.0" encoding="utf-8"?><HelpTOC><HelpTOCNode Title="ConnDBlib" Url="html/N_ConnDBlib.htm" HasChildren="true" /><HelpTOCNode Title="ImportData" Url="html/N_ImportData.htm" HasChildren="true" /><HelpTOCNode Title="IntervalApp" Url="html/N_IntervalApp.htm" HasChildren="true" /><HelpTOCNode Title="IntervalApp.AccessoryUserControls" Url="html/N_IntervalApp_AccessoryUserControls.htm" HasChildren="true" /><HelpTOCNode Title="IntervalApp.DatabaseConn" Url="html/N_IntervalApp_DatabaseConn.htm" HasChildren="true" /><HelpTOCNode Title="IntervalApp.MainUserControls" Url="html/N_IntervalApp_MainUserControls.htm" HasChildren="true" /><HelpTOCNode Title="IntervalApp.MainUserControls.ProjectManagement" Url="html/N_IntervalApp_MainUserControls_ProjectManagement.htm" HasChildren="true" /><HelpTOCNode Title="IntervalApp.PlotViewModel" Url="html/N_IntervalApp_PlotViewModel.htm" HasChildren="true" /><HelpTOCNode Title="IntervalApp.Switchable" Url="html/N_IntervalApp_Switchable.htm" HasChildren="true" /></HelpTOC>