﻿<?xml version="1.0" encoding="utf-8"?>
<HelpKI>
  <HelpKINode Title="addDimension method" Url="html/M_ConnDBlib_DimensionHandler_addDimension.htm" />
  <HelpKINode Title="addFact method" Url="html/M_ConnDBlib_FactHandler_addFact.htm" />
  <HelpKINode Title="addForeignKey method" Url="html/M_ConnDBlib_HierarchyHandler_addForeignKey.htm" />
  <HelpKINode Title="addForeignKey2 method" Url="html/M_ConnDBlib_HierarchyHandler_addForeignKey2.htm" />
  <HelpKINode Title="addFunction method" Url="html/Overload_ConnDBlib_FunctionHandler_addFunction.htm" />
  <HelpKINode Title="addQueryLog method" Url="html/M_ConnDBlib_StatHandler_addQueryLog.htm" />
  <HelpKINode Title="addSequences method" Url="html/M_ConnDBlib_InitHandler_addSequences.htm" />
  <HelpKINode Title="addTables method" Url="html/M_ConnDBlib_InitHandler_addTables.htm" />
  <HelpKINode Title="addTestProject method" Url="html/M_ConnDBlib_InitHandler_addTestProject.htm" />
  <HelpKINode Title="addTriggers method" Url="html/M_ConnDBlib_InitHandler_addTriggers.htm" />
  <HelpKINode Title="add_table method" Url="html/M_ConnDBlib_Connection_add_table.htm" />
  <HelpKINode Title="alu method" Url="html/M_ConnDBlib_HierarchyHandler_alu.htm" />
  <HelpKINode Title="App class">
    <HelpKINode Title="App Class" Url="html/T_IntervalApp_App.htm" />
    <HelpKINode Title="about App class" Url="html/T_IntervalApp_App.htm" />
    <HelpKINode Title="constructor" Url="html/M_IntervalApp_App__ctor.htm" />
    <HelpKINode Title="events" Url="html/Events_T_IntervalApp_App.htm" />
    <HelpKINode Title="methods" Url="html/Methods_T_IntervalApp_App.htm" />
    <HelpKINode Title="properties" Url="html/Properties_T_IntervalApp_App.htm" />
  </HelpKINode>
  <HelpKINode Title="App.App constructor" Url="html/M_IntervalApp_App__ctor.htm" />
  <HelpKINode Title="App.InitializeComponent method" Url="html/M_IntervalApp_App_InitializeComponent.htm" />
  <HelpKINode Title="App.Main method" Url="html/M_IntervalApp_App_Main.htm" />
  <HelpKINode Title="checkFunctionExist method" Url="html/M_ConnDBlib_FunctionHandler_checkFunctionExist.htm" />
  <HelpKINode Title="checkIfInitDone method" Url="html/M_ConnDBlib_InitHandler_checkIfInitDone.htm" />
  <HelpKINode Title="Close method" Url="html/M_ConnDBlib_Connection_Close.htm" />
  <HelpKINode Title="ColumnBar class">
    <HelpKINode Title="ColumnBar Class" Url="html/T_IntervalApp_AccessoryUserControls_ColumnBar.htm" />
    <HelpKINode Title="about ColumnBar class" Url="html/T_IntervalApp_AccessoryUserControls_ColumnBar.htm" />
    <HelpKINode Title="constructor" Url="html/M_IntervalApp_AccessoryUserControls_ColumnBar__ctor.htm" />
    <HelpKINode Title="events" Url="html/Events_T_IntervalApp_AccessoryUserControls_ColumnBar.htm" />
    <HelpKINode Title="methods" Url="html/Methods_T_IntervalApp_AccessoryUserControls_ColumnBar.htm" />
    <HelpKINode Title="properties" Url="html/Properties_T_IntervalApp_AccessoryUserControls_ColumnBar.htm" />
  </HelpKINode>
  <HelpKINode Title="ColumnBar.ColumnBar constructor" Url="html/M_IntervalApp_AccessoryUserControls_ColumnBar__ctor.htm" />
  <HelpKINode Title="ColumnBar.InitializeComponent method" Url="html/M_IntervalApp_AccessoryUserControls_ColumnBar_InitializeComponent.htm" />
  <HelpKINode Title="ColumnBar2 class">
    <HelpKINode Title="ColumnBar2 Class" Url="html/T_IntervalApp_AccessoryUserControls_ColumnBar2.htm" />
    <HelpKINode Title="about ColumnBar2 class" Url="html/T_IntervalApp_AccessoryUserControls_ColumnBar2.htm" />
    <HelpKINode Title="constructor" Url="html/M_IntervalApp_AccessoryUserControls_ColumnBar2__ctor.htm" />
    <HelpKINode Title="events" Url="html/Events_T_IntervalApp_AccessoryUserControls_ColumnBar2.htm" />
    <HelpKINode Title="methods" Url="html/Methods_T_IntervalApp_AccessoryUserControls_ColumnBar2.htm" />
    <HelpKINode Title="properties" Url="html/Properties_T_IntervalApp_AccessoryUserControls_ColumnBar2.htm" />
  </HelpKINode>
  <HelpKINode Title="ColumnBar2.ColumnBar2 constructor" Url="html/M_IntervalApp_AccessoryUserControls_ColumnBar2__ctor.htm" />
  <HelpKINode Title="ColumnBar2.InitializeComponent method" Url="html/M_IntervalApp_AccessoryUserControls_ColumnBar2_InitializeComponent.htm" />
  <HelpKINode Title="columnList method">
    <HelpKINode Title="CreateHierarchies.columnList Method " Url="html/M_IntervalApp_MainUserControls_CreateHierarchies_columnList.htm" />
    <HelpKINode Title="CreateRelations.columnList Method " Url="html/M_IntervalApp_MainUserControls_CreateRelations_columnList.htm" />
    <HelpKINode Title="TableSheet.columnList Method " Url="html/M_IntervalApp_MainUserControls_TableSheet_columnList.htm" />
  </HelpKINode>
  <HelpKINode Title="comment property" Url="html/P_IntervalApp_StatHolder_comment.htm" />
  <HelpKINode Title="ConnDBlib namespace" Url="html/N_ConnDBlib.htm" />
  <HelpKINode Title="ConnDBlib.Connection class" Url="html/T_ConnDBlib_Connection.htm" />
  <HelpKINode Title="ConnDBlib.DimensionHandler class" Url="html/T_ConnDBlib_DimensionHandler.htm" />
  <HelpKINode Title="ConnDBlib.FactHandler class" Url="html/T_ConnDBlib_FactHandler.htm" />
  <HelpKINode Title="ConnDBlib.FunctionHandler class" Url="html/T_ConnDBlib_FunctionHandler.htm" />
  <HelpKINode Title="ConnDBlib.HierarchyHandler class" Url="html/T_ConnDBlib_HierarchyHandler.htm" />
  <HelpKINode Title="ConnDBlib.InitHandler class" Url="html/T_ConnDBlib_InitHandler.htm" />
  <HelpKINode Title="ConnDBlib.ProjectHandler class" Url="html/T_ConnDBlib_ProjectHandler.htm" />
  <HelpKINode Title="ConnDBlib.Result class" Url="html/T_ConnDBlib_Result.htm" />
  <HelpKINode Title="ConnDBlib.StatHandler class" Url="html/T_ConnDBlib_StatHandler.htm" />
  <HelpKINode Title="Connection class">
    <HelpKINode Title="Connection Class" Url="html/T_ConnDBlib_Connection.htm" />
    <HelpKINode Title="about Connection class" Url="html/T_ConnDBlib_Connection.htm" />
    <HelpKINode Title="methods" Url="html/Methods_T_ConnDBlib_Connection.htm" />
  </HelpKINode>
  <HelpKINode Title="Connection.add_table method" Url="html/M_ConnDBlib_Connection_add_table.htm" />
  <HelpKINode Title="Connection.Close method" Url="html/M_ConnDBlib_Connection_Close.htm" />
  <HelpKINode Title="Connection.ExecuteDataSet method" Url="html/M_ConnDBlib_Connection_ExecuteDataSet.htm" />
  <HelpKINode Title="Connection.ExecuteDataSet2 method" Url="html/M_ConnDBlib_Connection_ExecuteDataSet2.htm" />
  <HelpKINode Title="Connection.ExecuteNonQuery method" Url="html/M_ConnDBlib_Connection_ExecuteNonQuery.htm" />
  <HelpKINode Title="Connection.ExecuteNonQuery2 method" Url="html/M_ConnDBlib_Connection_ExecuteNonQuery2.htm" />
  <HelpKINode Title="Connection.ExecuteReader method" Url="html/M_ConnDBlib_Connection_ExecuteReader.htm" />
  <HelpKINode Title="Connection.GetString method" Url="html/M_ConnDBlib_Connection_GetString.htm" />
  <HelpKINode Title="Connection.insert_row method" Url="html/M_ConnDBlib_Connection_insert_row.htm" />
  <HelpKINode Title="Connection.Open method" Url="html/M_ConnDBlib_Connection_Open.htm" />
  <HelpKINode Title="CreateDimensions class">
    <HelpKINode Title="CreateDimensions Class" Url="html/T_IntervalApp_MainUserControls_CreateDimensions.htm" />
    <HelpKINode Title="about CreateDimensions class" Url="html/T_IntervalApp_MainUserControls_CreateDimensions.htm" />
    <HelpKINode Title="constructor" Url="html/Overload_IntervalApp_MainUserControls_CreateDimensions__ctor.htm" />
    <HelpKINode Title="events" Url="html/Events_T_IntervalApp_MainUserControls_CreateDimensions.htm" />
    <HelpKINode Title="methods" Url="html/Methods_T_IntervalApp_MainUserControls_CreateDimensions.htm" />
    <HelpKINode Title="properties" Url="html/Properties_T_IntervalApp_MainUserControls_CreateDimensions.htm" />
  </HelpKINode>
  <HelpKINode Title="CreateDimensions.CreateDimensions constructor" Url="html/Overload_IntervalApp_MainUserControls_CreateDimensions__ctor.htm" />
  <HelpKINode Title="CreateDimensions.InitializeComponent method" Url="html/M_IntervalApp_MainUserControls_CreateDimensions_InitializeComponent.htm" />
  <HelpKINode Title="CreateFacts class">
    <HelpKINode Title="CreateFacts Class" Url="html/T_IntervalApp_MainUserControls_CreateFacts.htm" />
    <HelpKINode Title="about CreateFacts class" Url="html/T_IntervalApp_MainUserControls_CreateFacts.htm" />
    <HelpKINode Title="constructor" Url="html/Overload_IntervalApp_MainUserControls_CreateFacts__ctor.htm" />
    <HelpKINode Title="events" Url="html/Events_T_IntervalApp_MainUserControls_CreateFacts.htm" />
    <HelpKINode Title="methods" Url="html/Methods_T_IntervalApp_MainUserControls_CreateFacts.htm" />
    <HelpKINode Title="properties" Url="html/Properties_T_IntervalApp_MainUserControls_CreateFacts.htm" />
  </HelpKINode>
  <HelpKINode Title="CreateFacts.CreateFacts constructor" Url="html/Overload_IntervalApp_MainUserControls_CreateFacts__ctor.htm" />
  <HelpKINode Title="CreateFacts.InitializeComponent method" Url="html/M_IntervalApp_MainUserControls_CreateFacts_InitializeComponent.htm" />
  <HelpKINode Title="CreateFunctionTable class">
    <HelpKINode Title="CreateFunctionTable Class" Url="html/T_IntervalApp_MainUserControls_CreateFunctionTable.htm" />
    <HelpKINode Title="about CreateFunctionTable class" Url="html/T_IntervalApp_MainUserControls_CreateFunctionTable.htm" />
    <HelpKINode Title="constructor" Url="html/M_IntervalApp_MainUserControls_CreateFunctionTable__ctor.htm" />
    <HelpKINode Title="events" Url="html/Events_T_IntervalApp_MainUserControls_CreateFunctionTable.htm" />
    <HelpKINode Title="methods" Url="html/Methods_T_IntervalApp_MainUserControls_CreateFunctionTable.htm" />
    <HelpKINode Title="properties" Url="html/Properties_T_IntervalApp_MainUserControls_CreateFunctionTable.htm" />
  </HelpKINode>
  <HelpKINode Title="CreateFunctionTable.CreateFunctionTable constructor" Url="html/M_IntervalApp_MainUserControls_CreateFunctionTable__ctor.htm" />
  <HelpKINode Title="CreateFunctionTable.InitializeComponent method" Url="html/M_IntervalApp_MainUserControls_CreateFunctionTable_InitializeComponent.htm" />
  <HelpKINode Title="CreateHierarchies class">
    <HelpKINode Title="CreateHierarchies Class" Url="html/T_IntervalApp_MainUserControls_CreateHierarchies.htm" />
    <HelpKINode Title="about CreateHierarchies class" Url="html/T_IntervalApp_MainUserControls_CreateHierarchies.htm" />
    <HelpKINode Title="constructor" Url="html/M_IntervalApp_MainUserControls_CreateHierarchies__ctor.htm" />
    <HelpKINode Title="events" Url="html/Events_T_IntervalApp_MainUserControls_CreateHierarchies.htm" />
    <HelpKINode Title="methods" Url="html/Methods_T_IntervalApp_MainUserControls_CreateHierarchies.htm" />
    <HelpKINode Title="properties" Url="html/Properties_T_IntervalApp_MainUserControls_CreateHierarchies.htm" />
  </HelpKINode>
  <HelpKINode Title="CreateHierarchies.columnList method" Url="html/M_IntervalApp_MainUserControls_CreateHierarchies_columnList.htm" />
  <HelpKINode Title="CreateHierarchies.CreateHierarchies constructor" Url="html/M_IntervalApp_MainUserControls_CreateHierarchies__ctor.htm" />
  <HelpKINode Title="CreateHierarchies.InitializeComponent method" Url="html/M_IntervalApp_MainUserControls_CreateHierarchies_InitializeComponent.htm" />
  <HelpKINode Title="CreateHierarchies.populateListView method" Url="html/M_IntervalApp_MainUserControls_CreateHierarchies_populateListView.htm" />
  <HelpKINode Title="CreateRelations class">
    <HelpKINode Title="CreateRelations Class" Url="html/T_IntervalApp_MainUserControls_CreateRelations.htm" />
    <HelpKINode Title="about CreateRelations class" Url="html/T_IntervalApp_MainUserControls_CreateRelations.htm" />
    <HelpKINode Title="constructor" Url="html/M_IntervalApp_MainUserControls_CreateRelations__ctor.htm" />
    <HelpKINode Title="events" Url="html/Events_T_IntervalApp_MainUserControls_CreateRelations.htm" />
    <HelpKINode Title="methods" Url="html/Methods_T_IntervalApp_MainUserControls_CreateRelations.htm" />
    <HelpKINode Title="properties" Url="html/Properties_T_IntervalApp_MainUserControls_CreateRelations.htm" />
  </HelpKINode>
  <HelpKINode Title="CreateRelations.columnList method" Url="html/M_IntervalApp_MainUserControls_CreateRelations_columnList.htm" />
  <HelpKINode Title="CreateRelations.CreateRelations constructor" Url="html/M_IntervalApp_MainUserControls_CreateRelations__ctor.htm" />
  <HelpKINode Title="CreateRelations.InitializeComponent method" Url="html/M_IntervalApp_MainUserControls_CreateRelations_InitializeComponent.htm" />
  <HelpKINode Title="CreateRelations.populateListView method" Url="html/M_IntervalApp_MainUserControls_CreateRelations_populateListView.htm" />
  <HelpKINode Title="deleteNullSlope method" Url="html/M_ConnDBlib_FunctionHandler_deleteNullSlope.htm" />
  <HelpKINode Title="deleteStats method" Url="html/M_ConnDBlib_StatHandler_deleteStats.htm" />
  <HelpKINode Title="DimensionHandler class">
    <HelpKINode Title="DimensionHandler Class" Url="html/T_ConnDBlib_DimensionHandler.htm" />
    <HelpKINode Title="about DimensionHandler class" Url="html/T_ConnDBlib_DimensionHandler.htm" />
    <HelpKINode Title="methods" Url="html/Methods_T_ConnDBlib_DimensionHandler.htm" />
  </HelpKINode>
  <HelpKINode Title="DimensionHandler.addDimension method" Url="html/M_ConnDBlib_DimensionHandler_addDimension.htm" />
  <HelpKINode Title="DimensionHandler.dropDimension method" Url="html/M_ConnDBlib_DimensionHandler_dropDimension.htm" />
  <HelpKINode Title="DimensionHandler.getDimensionColumns method" Url="html/M_ConnDBlib_DimensionHandler_getDimensionColumns.htm" />
  <HelpKINode Title="DimensionHandler.getDimensions method" Url="html/M_ConnDBlib_DimensionHandler_getDimensions.htm" />
  <HelpKINode Title="Dimensions class">
    <HelpKINode Title="Dimensions Class" Url="html/T_IntervalApp_MainUserControls_Dimensions.htm" />
    <HelpKINode Title="about Dimensions class" Url="html/T_IntervalApp_MainUserControls_Dimensions.htm" />
    <HelpKINode Title="constructor" Url="html/M_IntervalApp_MainUserControls_Dimensions__ctor.htm" />
    <HelpKINode Title="events" Url="html/Events_T_IntervalApp_MainUserControls_Dimensions.htm" />
    <HelpKINode Title="methods" Url="html/Methods_T_IntervalApp_MainUserControls_Dimensions.htm" />
    <HelpKINode Title="properties" Url="html/Properties_T_IntervalApp_MainUserControls_Dimensions.htm" />
  </HelpKINode>
  <HelpKINode Title="Dimensions.Dimensions constructor" Url="html/M_IntervalApp_MainUserControls_Dimensions__ctor.htm" />
  <HelpKINode Title="Dimensions.InitializeComponent method" Url="html/M_IntervalApp_MainUserControls_Dimensions_InitializeComponent.htm" />
  <HelpKINode Title="dropConstraint method" Url="html/M_ConnDBlib_HierarchyHandler_dropConstraint.htm" />
  <HelpKINode Title="dropDimension method" Url="html/M_ConnDBlib_DimensionHandler_dropDimension.htm" />
  <HelpKINode Title="dropFact method" Url="html/M_ConnDBlib_FactHandler_dropFact.htm" />
  <HelpKINode Title="dropFunction method" Url="html/M_ConnDBlib_FunctionHandler_dropFunction.htm" />
  <HelpKINode Title="errormsg field" Url="html/F_ConnDBlib_Result_errormsg.htm" />
  <HelpKINode Title="ExecuteDataSet method" Url="html/M_ConnDBlib_Connection_ExecuteDataSet.htm" />
  <HelpKINode Title="ExecuteDataSet2 method" Url="html/M_ConnDBlib_Connection_ExecuteDataSet2.htm" />
  <HelpKINode Title="ExecuteNonQuery method" Url="html/M_ConnDBlib_Connection_ExecuteNonQuery.htm" />
  <HelpKINode Title="ExecuteNonQuery2 method" Url="html/M_ConnDBlib_Connection_ExecuteNonQuery2.htm" />
  <HelpKINode Title="ExecuteReader method" Url="html/M_ConnDBlib_Connection_ExecuteReader.htm" />
  <HelpKINode Title="executiontime field" Url="html/F_ConnDBlib_Result_executiontime.htm" />
  <HelpKINode Title="FactHandler class">
    <HelpKINode Title="FactHandler Class" Url="html/T_ConnDBlib_FactHandler.htm" />
    <HelpKINode Title="about FactHandler class" Url="html/T_ConnDBlib_FactHandler.htm" />
    <HelpKINode Title="methods" Url="html/Methods_T_ConnDBlib_FactHandler.htm" />
  </HelpKINode>
  <HelpKINode Title="FactHandler.addFact method" Url="html/M_ConnDBlib_FactHandler_addFact.htm" />
  <HelpKINode Title="FactHandler.dropFact method" Url="html/M_ConnDBlib_FactHandler_dropFact.htm" />
  <HelpKINode Title="FactHandler.getFactColumns method" Url="html/M_ConnDBlib_FactHandler_getFactColumns.htm" />
  <HelpKINode Title="FactHandler.getFacts method" Url="html/M_ConnDBlib_FactHandler_getFacts.htm" />
  <HelpKINode Title="Facts class">
    <HelpKINode Title="Facts Class" Url="html/T_IntervalApp_MainUserControls_Facts.htm" />
    <HelpKINode Title="about Facts class" Url="html/T_IntervalApp_MainUserControls_Facts.htm" />
    <HelpKINode Title="constructor" Url="html/M_IntervalApp_MainUserControls_Facts__ctor.htm" />
    <HelpKINode Title="events" Url="html/Events_T_IntervalApp_MainUserControls_Facts.htm" />
    <HelpKINode Title="methods" Url="html/Methods_T_IntervalApp_MainUserControls_Facts.htm" />
    <HelpKINode Title="properties" Url="html/Properties_T_IntervalApp_MainUserControls_Facts.htm" />
  </HelpKINode>
  <HelpKINode Title="Facts.Facts constructor" Url="html/M_IntervalApp_MainUserControls_Facts__ctor.htm" />
  <HelpKINode Title="Facts.InitializeComponent method" Url="html/M_IntervalApp_MainUserControls_Facts_InitializeComponent.htm" />
  <HelpKINode Title="FunctionHandler class">
    <HelpKINode Title="FunctionHandler Class" Url="html/T_ConnDBlib_FunctionHandler.htm" />
    <HelpKINode Title="about FunctionHandler class" Url="html/T_ConnDBlib_FunctionHandler.htm" />
    <HelpKINode Title="methods" Url="html/Methods_T_ConnDBlib_FunctionHandler.htm" />
  </HelpKINode>
  <HelpKINode Title="FunctionHandler.addFunction method" Url="html/Overload_ConnDBlib_FunctionHandler_addFunction.htm" />
  <HelpKINode Title="FunctionHandler.checkFunctionExist method" Url="html/M_ConnDBlib_FunctionHandler_checkFunctionExist.htm" />
  <HelpKINode Title="FunctionHandler.deleteNullSlope method" Url="html/M_ConnDBlib_FunctionHandler_deleteNullSlope.htm" />
  <HelpKINode Title="FunctionHandler.dropFunction method" Url="html/M_ConnDBlib_FunctionHandler_dropFunction.htm" />
  <HelpKINode Title="FunctionHandler.getFirstHundredFunction method" Url="html/M_ConnDBlib_FunctionHandler_getFirstHundredFunction.htm" />
  <HelpKINode Title="FunctionHandler.getFunctionColumns method" Url="html/M_ConnDBlib_FunctionHandler_getFunctionColumns.htm" />
  <HelpKINode Title="FunctionHandler.getFunctions method" Url="html/M_ConnDBlib_FunctionHandler_getFunctions.htm" />
  <HelpKINode Title="FunctionHandler.makeQueryAddFunction method" Url="html/M_ConnDBlib_FunctionHandler_makeQueryAddFunction.htm" />
  <HelpKINode Title="FunctionTables class">
    <HelpKINode Title="FunctionTables Class" Url="html/T_IntervalApp_MainUserControls_FunctionTables.htm" />
    <HelpKINode Title="about FunctionTables class" Url="html/T_IntervalApp_MainUserControls_FunctionTables.htm" />
    <HelpKINode Title="constructor" Url="html/M_IntervalApp_MainUserControls_FunctionTables__ctor.htm" />
    <HelpKINode Title="events" Url="html/Events_T_IntervalApp_MainUserControls_FunctionTables.htm" />
    <HelpKINode Title="methods" Url="html/Methods_T_IntervalApp_MainUserControls_FunctionTables.htm" />
    <HelpKINode Title="properties" Url="html/Properties_T_IntervalApp_MainUserControls_FunctionTables.htm" />
  </HelpKINode>
  <HelpKINode Title="FunctionTables.FunctionTables constructor" Url="html/M_IntervalApp_MainUserControls_FunctionTables__ctor.htm" />
  <HelpKINode Title="FunctionTables.InitializeComponent method" Url="html/M_IntervalApp_MainUserControls_FunctionTables_InitializeComponent.htm" />
  <HelpKINode Title="GeneratedInternalTypeHelper class">
    <HelpKINode Title="GeneratedInternalTypeHelper Class" Url="html/T_XamlGeneratedNamespace_GeneratedInternalTypeHelper.htm" />
    <HelpKINode Title="about GeneratedInternalTypeHelper class" Url="html/T_XamlGeneratedNamespace_GeneratedInternalTypeHelper.htm" />
    <HelpKINode Title="constructor" Url="html/M_XamlGeneratedNamespace_GeneratedInternalTypeHelper__ctor.htm" />
    <HelpKINode Title="methods" Url="html/Methods_T_XamlGeneratedNamespace_GeneratedInternalTypeHelper.htm" />
  </HelpKINode>
  <HelpKINode Title="GeneratedInternalTypeHelper.GeneratedInternalTypeHelper constructor" Url="html/M_XamlGeneratedNamespace_GeneratedInternalTypeHelper__ctor.htm" />
  <HelpKINode Title="getConstraints method" Url="html/M_ConnDBlib_HierarchyHandler_getConstraints.htm" />
  <HelpKINode Title="getDimensionColumns method" Url="html/M_ConnDBlib_DimensionHandler_getDimensionColumns.htm" />
  <HelpKINode Title="getDimensions method" Url="html/M_ConnDBlib_DimensionHandler_getDimensions.htm" />
  <HelpKINode Title="getFactColumns method" Url="html/M_ConnDBlib_FactHandler_getFactColumns.htm" />
  <HelpKINode Title="getFacts method" Url="html/M_ConnDBlib_FactHandler_getFacts.htm" />
  <HelpKINode Title="getFirstHundredFunction method" Url="html/M_ConnDBlib_FunctionHandler_getFirstHundredFunction.htm" />
  <HelpKINode Title="getFunctionColumns method" Url="html/M_ConnDBlib_FunctionHandler_getFunctionColumns.htm" />
  <HelpKINode Title="getFunctions method" Url="html/M_ConnDBlib_FunctionHandler_getFunctions.htm" />
  <HelpKINode Title="getStats method" Url="html/M_ConnDBlib_StatHandler_getStats.htm" />
  <HelpKINode Title="GetString method" Url="html/M_ConnDBlib_Connection_GetString.htm" />
  <HelpKINode Title="Hierarchies class">
    <HelpKINode Title="Hierarchies Class" Url="html/T_IntervalApp_MainUserControls_Hierarchies.htm" />
    <HelpKINode Title="about Hierarchies class" Url="html/T_IntervalApp_MainUserControls_Hierarchies.htm" />
    <HelpKINode Title="constructor" Url="html/M_IntervalApp_MainUserControls_Hierarchies__ctor.htm" />
    <HelpKINode Title="events" Url="html/Events_T_IntervalApp_MainUserControls_Hierarchies.htm" />
    <HelpKINode Title="methods" Url="html/Methods_T_IntervalApp_MainUserControls_Hierarchies.htm" />
    <HelpKINode Title="properties" Url="html/Properties_T_IntervalApp_MainUserControls_Hierarchies.htm" />
  </HelpKINode>
  <HelpKINode Title="Hierarchies.Hierarchies constructor" Url="html/M_IntervalApp_MainUserControls_Hierarchies__ctor.htm" />
  <HelpKINode Title="Hierarchies.InitializeComponent method" Url="html/M_IntervalApp_MainUserControls_Hierarchies_InitializeComponent.htm" />
  <HelpKINode Title="Hierarchies.populateHierarchies method" Url="html/M_IntervalApp_MainUserControls_Hierarchies_populateHierarchies.htm" />
  <HelpKINode Title="HierarchyHandler class">
    <HelpKINode Title="HierarchyHandler Class" Url="html/T_ConnDBlib_HierarchyHandler.htm" />
    <HelpKINode Title="about HierarchyHandler class" Url="html/T_ConnDBlib_HierarchyHandler.htm" />
    <HelpKINode Title="methods" Url="html/Methods_T_ConnDBlib_HierarchyHandler.htm" />
  </HelpKINode>
  <HelpKINode Title="HierarchyHandler.addForeignKey method" Url="html/M_ConnDBlib_HierarchyHandler_addForeignKey.htm" />
  <HelpKINode Title="HierarchyHandler.addForeignKey2 method" Url="html/M_ConnDBlib_HierarchyHandler_addForeignKey2.htm" />
  <HelpKINode Title="HierarchyHandler.alu method" Url="html/M_ConnDBlib_HierarchyHandler_alu.htm" />
  <HelpKINode Title="HierarchyHandler.dropConstraint method" Url="html/M_ConnDBlib_HierarchyHandler_dropConstraint.htm" />
  <HelpKINode Title="HierarchyHandler.getConstraints method" Url="html/M_ConnDBlib_HierarchyHandler_getConstraints.htm" />
  <HelpKINode Title="id_query property" Url="html/P_IntervalApp_StatHolder_id_query.htm" />
  <HelpKINode Title="Import class">
    <HelpKINode Title="Import Class" Url="html/T_IntervalApp_MainUserControls_Import.htm" />
    <HelpKINode Title="about Import class" Url="html/T_IntervalApp_MainUserControls_Import.htm" />
    <HelpKINode Title="constructor" Url="html/M_IntervalApp_MainUserControls_Import__ctor.htm" />
    <HelpKINode Title="events" Url="html/Events_T_IntervalApp_MainUserControls_Import.htm" />
    <HelpKINode Title="methods" Url="html/Methods_T_IntervalApp_MainUserControls_Import.htm" />
    <HelpKINode Title="properties" Url="html/Properties_T_IntervalApp_MainUserControls_Import.htm" />
  </HelpKINode>
  <HelpKINode Title="Import.Import constructor" Url="html/M_IntervalApp_MainUserControls_Import__ctor.htm" />
  <HelpKINode Title="Import.InitializeComponent method" Url="html/M_IntervalApp_MainUserControls_Import_InitializeComponent.htm" />
  <HelpKINode Title="ImportCSV class">
    <HelpKINode Title="ImportCSV Class" Url="html/T_ImportData_ImportCSV.htm" />
    <HelpKINode Title="about ImportCSV class" Url="html/T_ImportData_ImportCSV.htm" />
    <HelpKINode Title="methods" Url="html/Methods_T_ImportData_ImportCSV.htm" />
  </HelpKINode>
  <HelpKINode Title="ImportCSV.importTable method" Url="html/M_ImportData_ImportCSV_importTable.htm" />
  <HelpKINode Title="ImportData namespace" Url="html/N_ImportData.htm" />
  <HelpKINode Title="ImportData.ImportCSV class" Url="html/T_ImportData_ImportCSV.htm" />
  <HelpKINode Title="importTable method" Url="html/M_ImportData_ImportCSV_importTable.htm" />
  <HelpKINode Title="InitHandler class">
    <HelpKINode Title="InitHandler Class" Url="html/T_ConnDBlib_InitHandler.htm" />
    <HelpKINode Title="about InitHandler class" Url="html/T_ConnDBlib_InitHandler.htm" />
    <HelpKINode Title="methods" Url="html/Methods_T_ConnDBlib_InitHandler.htm" />
  </HelpKINode>
  <HelpKINode Title="InitHandler.addSequences method" Url="html/M_ConnDBlib_InitHandler_addSequences.htm" />
  <HelpKINode Title="InitHandler.addTables method" Url="html/M_ConnDBlib_InitHandler_addTables.htm" />
  <HelpKINode Title="InitHandler.addTestProject method" Url="html/M_ConnDBlib_InitHandler_addTestProject.htm" />
  <HelpKINode Title="InitHandler.addTriggers method" Url="html/M_ConnDBlib_InitHandler_addTriggers.htm" />
  <HelpKINode Title="InitHandler.checkIfInitDone method" Url="html/M_ConnDBlib_InitHandler_checkIfInitDone.htm" />
  <HelpKINode Title="InitializeComponent method">
    <HelpKINode Title="App.InitializeComponent Method " Url="html/M_IntervalApp_App_InitializeComponent.htm" />
    <HelpKINode Title="ColumnBar.InitializeComponent Method " Url="html/M_IntervalApp_AccessoryUserControls_ColumnBar_InitializeComponent.htm" />
    <HelpKINode Title="ColumnBar2.InitializeComponent Method " Url="html/M_IntervalApp_AccessoryUserControls_ColumnBar2_InitializeComponent.htm" />
    <HelpKINode Title="CreateDimensions.InitializeComponent Method " Url="html/M_IntervalApp_MainUserControls_CreateDimensions_InitializeComponent.htm" />
    <HelpKINode Title="CreateFacts.InitializeComponent Method " Url="html/M_IntervalApp_MainUserControls_CreateFacts_InitializeComponent.htm" />
    <HelpKINode Title="CreateFunctionTable.InitializeComponent Method " Url="html/M_IntervalApp_MainUserControls_CreateFunctionTable_InitializeComponent.htm" />
    <HelpKINode Title="CreateHierarchies.InitializeComponent Method " Url="html/M_IntervalApp_MainUserControls_CreateHierarchies_InitializeComponent.htm" />
    <HelpKINode Title="CreateRelations.InitializeComponent Method " Url="html/M_IntervalApp_MainUserControls_CreateRelations_InitializeComponent.htm" />
    <HelpKINode Title="Dimensions.InitializeComponent Method " Url="html/M_IntervalApp_MainUserControls_Dimensions_InitializeComponent.htm" />
    <HelpKINode Title="Facts.InitializeComponent Method " Url="html/M_IntervalApp_MainUserControls_Facts_InitializeComponent.htm" />
    <HelpKINode Title="FunctionTables.InitializeComponent Method " Url="html/M_IntervalApp_MainUserControls_FunctionTables_InitializeComponent.htm" />
    <HelpKINode Title="Hierarchies.InitializeComponent Method " Url="html/M_IntervalApp_MainUserControls_Hierarchies_InitializeComponent.htm" />
    <HelpKINode Title="Import.InitializeComponent Method " Url="html/M_IntervalApp_MainUserControls_Import_InitializeComponent.htm" />
    <HelpKINode Title="MainMenu.InitializeComponent Method " Url="html/M_IntervalApp_MainUserControls_MainMenu_InitializeComponent.htm" />
    <HelpKINode Title="MainWindow.InitializeComponent Method " Url="html/M_IntervalApp_MainWindow_InitializeComponent.htm" />
    <HelpKINode Title="NewProjectPage.InitializeComponent Method " Url="html/M_IntervalApp_MainUserControls_ProjectManagement_NewProjectPage_InitializeComponent.htm" />
    <HelpKINode Title="OpenProjectPage.InitializeComponent Method " Url="html/M_IntervalApp_MainUserControls_ProjectManagement_OpenProjectPage_InitializeComponent.htm" />
    <HelpKINode Title="PlotWindow.InitializeComponent Method " Url="html/M_IntervalApp_PlotViewModel_PlotWindow_InitializeComponent.htm" />
    <HelpKINode Title="ProjectPage.InitializeComponent Method " Url="html/M_IntervalApp_MainUserControls_ProjectPage_InitializeComponent.htm" />
    <HelpKINode Title="Query.InitializeComponent Method " Url="html/M_IntervalApp_MainUserControls_Query_InitializeComponent.htm" />
    <HelpKINode Title="QueryResult.InitializeComponent Method " Url="html/M_IntervalApp_MainUserControls_QueryResult_InitializeComponent.htm" />
    <HelpKINode Title="Relations.InitializeComponent Method " Url="html/M_IntervalApp_MainUserControls_Relations_InitializeComponent.htm" />
    <HelpKINode Title="ShowFunction.InitializeComponent Method " Url="html/M_IntervalApp_MainUserControls_ShowFunction_InitializeComponent.htm" />
    <HelpKINode Title="Stats.InitializeComponent Method " Url="html/M_IntervalApp_MainUserControls_Stats_InitializeComponent.htm" />
    <HelpKINode Title="TableSheet.InitializeComponent Method " Url="html/M_IntervalApp_MainUserControls_TableSheet_InitializeComponent.htm" />
  </HelpKINode>
  <HelpKINode Title="insert_row method" Url="html/M_ConnDBlib_Connection_insert_row.htm" />
  <HelpKINode Title="IntervalApp namespace" Url="html/N_IntervalApp.htm" />
  <HelpKINode Title="IntervalApp.AccessoryUserControls namespace" Url="html/N_IntervalApp_AccessoryUserControls.htm" />
  <HelpKINode Title="IntervalApp.AccessoryUserControls.ColumnBar class" Url="html/T_IntervalApp_AccessoryUserControls_ColumnBar.htm" />
  <HelpKINode Title="IntervalApp.AccessoryUserControls.ColumnBar2 class" Url="html/T_IntervalApp_AccessoryUserControls_ColumnBar2.htm" />
  <HelpKINode Title="IntervalApp.App class" Url="html/T_IntervalApp_App.htm" />
  <HelpKINode Title="IntervalApp.MainUserControls namespace" Url="html/N_IntervalApp_MainUserControls.htm" />
  <HelpKINode Title="IntervalApp.MainUserControls.CreateDimensions class" Url="html/T_IntervalApp_MainUserControls_CreateDimensions.htm" />
  <HelpKINode Title="IntervalApp.MainUserControls.CreateFacts class" Url="html/T_IntervalApp_MainUserControls_CreateFacts.htm" />
  <HelpKINode Title="IntervalApp.MainUserControls.CreateFunctionTable class" Url="html/T_IntervalApp_MainUserControls_CreateFunctionTable.htm" />
  <HelpKINode Title="IntervalApp.MainUserControls.CreateHierarchies class" Url="html/T_IntervalApp_MainUserControls_CreateHierarchies.htm" />
  <HelpKINode Title="IntervalApp.MainUserControls.CreateRelations class" Url="html/T_IntervalApp_MainUserControls_CreateRelations.htm" />
  <HelpKINode Title="IntervalApp.MainUserControls.Dimensions class" Url="html/T_IntervalApp_MainUserControls_Dimensions.htm" />
  <HelpKINode Title="IntervalApp.MainUserControls.Facts class" Url="html/T_IntervalApp_MainUserControls_Facts.htm" />
  <HelpKINode Title="IntervalApp.MainUserControls.FunctionTables class" Url="html/T_IntervalApp_MainUserControls_FunctionTables.htm" />
  <HelpKINode Title="IntervalApp.MainUserControls.Hierarchies class" Url="html/T_IntervalApp_MainUserControls_Hierarchies.htm" />
  <HelpKINode Title="IntervalApp.MainUserControls.Import class" Url="html/T_IntervalApp_MainUserControls_Import.htm" />
  <HelpKINode Title="IntervalApp.MainUserControls.MainMenu class" Url="html/T_IntervalApp_MainUserControls_MainMenu.htm" />
  <HelpKINode Title="IntervalApp.MainUserControls.ProjectManagement namespace" Url="html/N_IntervalApp_MainUserControls_ProjectManagement.htm" />
  <HelpKINode Title="IntervalApp.MainUserControls.ProjectManagement.NewProjectPage class" Url="html/T_IntervalApp_MainUserControls_ProjectManagement_NewProjectPage.htm" />
  <HelpKINode Title="IntervalApp.MainUserControls.ProjectManagement.OpenProjectPage class" Url="html/T_IntervalApp_MainUserControls_ProjectManagement_OpenProjectPage.htm" />
  <HelpKINode Title="IntervalApp.MainUserControls.ProjectPage class" Url="html/T_IntervalApp_MainUserControls_ProjectPage.htm" />
  <HelpKINode Title="IntervalApp.MainUserControls.Query class" Url="html/T_IntervalApp_MainUserControls_Query.htm" />
  <HelpKINode Title="IntervalApp.MainUserControls.QueryResult class" Url="html/T_IntervalApp_MainUserControls_QueryResult.htm" />
  <HelpKINode Title="IntervalApp.MainUserControls.Relations class" Url="html/T_IntervalApp_MainUserControls_Relations.htm" />
  <HelpKINode Title="IntervalApp.MainUserControls.ShowFunction class" Url="html/T_IntervalApp_MainUserControls_ShowFunction.htm" />
  <HelpKINode Title="IntervalApp.MainUserControls.Stats class" Url="html/T_IntervalApp_MainUserControls_Stats.htm" />
  <HelpKINode Title="IntervalApp.MainUserControls.TableSheet class" Url="html/T_IntervalApp_MainUserControls_TableSheet.htm" />
  <HelpKINode Title="IntervalApp.MainWindow class" Url="html/T_IntervalApp_MainWindow.htm" />
  <HelpKINode Title="IntervalApp.PlotViewModel namespace" Url="html/N_IntervalApp_PlotViewModel.htm" />
  <HelpKINode Title="IntervalApp.PlotViewModel.MainViewModel class" Url="html/T_IntervalApp_PlotViewModel_MainViewModel.htm" />
  <HelpKINode Title="IntervalApp.PlotViewModel.PlotWindow class" Url="html/T_IntervalApp_PlotViewModel_PlotWindow.htm" />
  <HelpKINode Title="IntervalApp.StatHolder class" Url="html/T_IntervalApp_StatHolder.htm" />
  <HelpKINode Title="IntervalApp.Switchable namespace" Url="html/N_IntervalApp_Switchable.htm" />
  <HelpKINode Title="IntervalApp.Switchable.Switcher class" Url="html/T_IntervalApp_Switchable_Switcher.htm" />
  <HelpKINode Title="Main method" Url="html/M_IntervalApp_App_Main.htm" />
  <HelpKINode Title="MainMenu class">
    <HelpKINode Title="MainMenu Class" Url="html/T_IntervalApp_MainUserControls_MainMenu.htm" />
    <HelpKINode Title="about MainMenu class" Url="html/T_IntervalApp_MainUserControls_MainMenu.htm" />
    <HelpKINode Title="constructor" Url="html/M_IntervalApp_MainUserControls_MainMenu__ctor.htm" />
    <HelpKINode Title="events" Url="html/Events_T_IntervalApp_MainUserControls_MainMenu.htm" />
    <HelpKINode Title="methods" Url="html/Methods_T_IntervalApp_MainUserControls_MainMenu.htm" />
    <HelpKINode Title="properties" Url="html/Properties_T_IntervalApp_MainUserControls_MainMenu.htm" />
  </HelpKINode>
  <HelpKINode Title="MainMenu.InitializeComponent method" Url="html/M_IntervalApp_MainUserControls_MainMenu_InitializeComponent.htm" />
  <HelpKINode Title="MainMenu.MainMenu constructor" Url="html/M_IntervalApp_MainUserControls_MainMenu__ctor.htm" />
  <HelpKINode Title="MainViewModel class">
    <HelpKINode Title="MainViewModel Class" Url="html/T_IntervalApp_PlotViewModel_MainViewModel.htm" />
    <HelpKINode Title="about MainViewModel class" Url="html/T_IntervalApp_PlotViewModel_MainViewModel.htm" />
    <HelpKINode Title="constructor" Url="html/M_IntervalApp_PlotViewModel_MainViewModel__ctor.htm" />
    <HelpKINode Title="methods" Url="html/Methods_T_IntervalApp_PlotViewModel_MainViewModel.htm" />
    <HelpKINode Title="properties" Url="html/Properties_T_IntervalApp_PlotViewModel_MainViewModel.htm" />
  </HelpKINode>
  <HelpKINode Title="MainViewModel.MainViewModel constructor" Url="html/M_IntervalApp_PlotViewModel_MainViewModel__ctor.htm" />
  <HelpKINode Title="MainViewModel.Model property" Url="html/P_IntervalApp_PlotViewModel_MainViewModel_Model.htm" />
  <HelpKINode Title="MainViewModel.Plot_2_Column method" Url="html/M_IntervalApp_PlotViewModel_MainViewModel_Plot_2_Column.htm" />
  <HelpKINode Title="MainWindow class">
    <HelpKINode Title="MainWindow Class" Url="html/T_IntervalApp_MainWindow.htm" />
    <HelpKINode Title="about MainWindow class" Url="html/T_IntervalApp_MainWindow.htm" />
    <HelpKINode Title="constructor" Url="html/M_IntervalApp_MainWindow__ctor.htm" />
    <HelpKINode Title="events" Url="html/Events_T_IntervalApp_MainWindow.htm" />
    <HelpKINode Title="methods" Url="html/Methods_T_IntervalApp_MainWindow.htm" />
    <HelpKINode Title="properties" Url="html/Properties_T_IntervalApp_MainWindow.htm" />
  </HelpKINode>
  <HelpKINode Title="MainWindow.InitializeComponent method" Url="html/M_IntervalApp_MainWindow_InitializeComponent.htm" />
  <HelpKINode Title="MainWindow.MainWindow constructor" Url="html/M_IntervalApp_MainWindow__ctor.htm" />
  <HelpKINode Title="MainWindow.Navigate method" Url="html/Overload_IntervalApp_MainWindow_Navigate.htm" />
  <HelpKINode Title="makeQueryAddFunction method" Url="html/M_ConnDBlib_FunctionHandler_makeQueryAddFunction.htm" />
  <HelpKINode Title="Model property" Url="html/P_IntervalApp_PlotViewModel_MainViewModel_Model.htm" />
  <HelpKINode Title="Navigate method" Url="html/Overload_IntervalApp_MainWindow_Navigate.htm" />
  <HelpKINode Title="newProject method" Url="html/M_ConnDBlib_ProjectHandler_newProject.htm" />
  <HelpKINode Title="NewProjectPage class">
    <HelpKINode Title="NewProjectPage Class" Url="html/T_IntervalApp_MainUserControls_ProjectManagement_NewProjectPage.htm" />
    <HelpKINode Title="about NewProjectPage class" Url="html/T_IntervalApp_MainUserControls_ProjectManagement_NewProjectPage.htm" />
    <HelpKINode Title="constructor" Url="html/M_IntervalApp_MainUserControls_ProjectManagement_NewProjectPage__ctor.htm" />
    <HelpKINode Title="events" Url="html/Events_T_IntervalApp_MainUserControls_ProjectManagement_NewProjectPage.htm" />
    <HelpKINode Title="methods" Url="html/Methods_T_IntervalApp_MainUserControls_ProjectManagement_NewProjectPage.htm" />
    <HelpKINode Title="properties" Url="html/Properties_T_IntervalApp_MainUserControls_ProjectManagement_NewProjectPage.htm" />
  </HelpKINode>
  <HelpKINode Title="NewProjectPage.InitializeComponent method" Url="html/M_IntervalApp_MainUserControls_ProjectManagement_NewProjectPage_InitializeComponent.htm" />
  <HelpKINode Title="NewProjectPage.NewProjectPage constructor" Url="html/M_IntervalApp_MainUserControls_ProjectManagement_NewProjectPage__ctor.htm" />
  <HelpKINode Title="Open method" Url="html/M_ConnDBlib_Connection_Open.htm" />
  <HelpKINode Title="OpenProjectPage class">
    <HelpKINode Title="OpenProjectPage Class" Url="html/T_IntervalApp_MainUserControls_ProjectManagement_OpenProjectPage.htm" />
    <HelpKINode Title="about OpenProjectPage class" Url="html/T_IntervalApp_MainUserControls_ProjectManagement_OpenProjectPage.htm" />
    <HelpKINode Title="constructor" Url="html/M_IntervalApp_MainUserControls_ProjectManagement_OpenProjectPage__ctor.htm" />
    <HelpKINode Title="events" Url="html/Events_T_IntervalApp_MainUserControls_ProjectManagement_OpenProjectPage.htm" />
    <HelpKINode Title="methods" Url="html/Methods_T_IntervalApp_MainUserControls_ProjectManagement_OpenProjectPage.htm" />
    <HelpKINode Title="properties" Url="html/Properties_T_IntervalApp_MainUserControls_ProjectManagement_OpenProjectPage.htm" />
  </HelpKINode>
  <HelpKINode Title="OpenProjectPage.InitializeComponent method" Url="html/M_IntervalApp_MainUserControls_ProjectManagement_OpenProjectPage_InitializeComponent.htm" />
  <HelpKINode Title="OpenProjectPage.OpenProjectPage constructor" Url="html/M_IntervalApp_MainUserControls_ProjectManagement_OpenProjectPage__ctor.htm" />
  <HelpKINode Title="pageSwitcher field" Url="html/F_IntervalApp_Switchable_Switcher_pageSwitcher.htm" />
  <HelpKINode Title="PlotWindow class">
    <HelpKINode Title="PlotWindow Class" Url="html/T_IntervalApp_PlotViewModel_PlotWindow.htm" />
    <HelpKINode Title="about PlotWindow class" Url="html/T_IntervalApp_PlotViewModel_PlotWindow.htm" />
    <HelpKINode Title="constructor" Url="html/M_IntervalApp_PlotViewModel_PlotWindow__ctor.htm" />
    <HelpKINode Title="events" Url="html/Events_T_IntervalApp_PlotViewModel_PlotWindow.htm" />
    <HelpKINode Title="fields" Url="html/Fields_T_IntervalApp_PlotViewModel_PlotWindow.htm" />
    <HelpKINode Title="methods" Url="html/Methods_T_IntervalApp_PlotViewModel_PlotWindow.htm" />
    <HelpKINode Title="properties" Url="html/Properties_T_IntervalApp_PlotViewModel_PlotWindow.htm" />
  </HelpKINode>
  <HelpKINode Title="PlotWindow.InitializeComponent method" Url="html/M_IntervalApp_PlotViewModel_PlotWindow_InitializeComponent.htm" />
  <HelpKINode Title="PlotWindow.PlotWindow constructor" Url="html/M_IntervalApp_PlotViewModel_PlotWindow__ctor.htm" />
  <HelpKINode Title="PlotWindow.selectedStat field" Url="html/F_IntervalApp_PlotViewModel_PlotWindow_selectedStat.htm" />
  <HelpKINode Title="Plot_2_Column method" Url="html/M_IntervalApp_PlotViewModel_MainViewModel_Plot_2_Column.htm" />
  <HelpKINode Title="populateHierarchies method">
    <HelpKINode Title="Hierarchies.populateHierarchies Method " Url="html/M_IntervalApp_MainUserControls_Hierarchies_populateHierarchies.htm" />
    <HelpKINode Title="Relations.populateHierarchies Method " Url="html/M_IntervalApp_MainUserControls_Relations_populateHierarchies.htm" />
  </HelpKINode>
  <HelpKINode Title="populateListView method">
    <HelpKINode Title="CreateHierarchies.populateListView Method " Url="html/M_IntervalApp_MainUserControls_CreateHierarchies_populateListView.htm" />
    <HelpKINode Title="CreateRelations.populateListView Method " Url="html/M_IntervalApp_MainUserControls_CreateRelations_populateListView.htm" />
    <HelpKINode Title="TableSheet.populateListView Method " Url="html/M_IntervalApp_MainUserControls_TableSheet_populateListView.htm" />
  </HelpKINode>
  <HelpKINode Title="ProjectHandler class">
    <HelpKINode Title="ProjectHandler Class" Url="html/T_ConnDBlib_ProjectHandler.htm" />
    <HelpKINode Title="about ProjectHandler class" Url="html/T_ConnDBlib_ProjectHandler.htm" />
    <HelpKINode Title="methods" Url="html/Methods_T_ConnDBlib_ProjectHandler.htm" />
  </HelpKINode>
  <HelpKINode Title="ProjectHandler.newProject method" Url="html/M_ConnDBlib_ProjectHandler_newProject.htm" />
  <HelpKINode Title="ProjectPage class">
    <HelpKINode Title="ProjectPage Class" Url="html/T_IntervalApp_MainUserControls_ProjectPage.htm" />
    <HelpKINode Title="about ProjectPage class" Url="html/T_IntervalApp_MainUserControls_ProjectPage.htm" />
    <HelpKINode Title="constructor" Url="html/Overload_IntervalApp_MainUserControls_ProjectPage__ctor.htm" />
    <HelpKINode Title="events" Url="html/Events_T_IntervalApp_MainUserControls_ProjectPage.htm" />
    <HelpKINode Title="methods" Url="html/Methods_T_IntervalApp_MainUserControls_ProjectPage.htm" />
    <HelpKINode Title="properties" Url="html/Properties_T_IntervalApp_MainUserControls_ProjectPage.htm" />
  </HelpKINode>
  <HelpKINode Title="ProjectPage.InitializeComponent method" Url="html/M_IntervalApp_MainUserControls_ProjectPage_InitializeComponent.htm" />
  <HelpKINode Title="ProjectPage.ProjectPage constructor" Url="html/Overload_IntervalApp_MainUserControls_ProjectPage__ctor.htm" />
  <HelpKINode Title="Query class">
    <HelpKINode Title="Query Class" Url="html/T_IntervalApp_MainUserControls_Query.htm" />
    <HelpKINode Title="about Query class" Url="html/T_IntervalApp_MainUserControls_Query.htm" />
    <HelpKINode Title="constructor" Url="html/Overload_IntervalApp_MainUserControls_Query__ctor.htm" />
    <HelpKINode Title="events" Url="html/Events_T_IntervalApp_MainUserControls_Query.htm" />
    <HelpKINode Title="methods" Url="html/Methods_T_IntervalApp_MainUserControls_Query.htm" />
    <HelpKINode Title="properties" Url="html/Properties_T_IntervalApp_MainUserControls_Query.htm" />
  </HelpKINode>
  <HelpKINode Title="Query.InitializeComponent method" Url="html/M_IntervalApp_MainUserControls_Query_InitializeComponent.htm" />
  <HelpKINode Title="Query.Query constructor" Url="html/Overload_IntervalApp_MainUserControls_Query__ctor.htm" />
  <HelpKINode Title="QueryCollection property" Url="html/P_IntervalApp_MainUserControls_Stats_QueryCollection.htm" />
  <HelpKINode Title="QueryResult class">
    <HelpKINode Title="QueryResult Class" Url="html/T_IntervalApp_MainUserControls_QueryResult.htm" />
    <HelpKINode Title="about QueryResult class" Url="html/T_IntervalApp_MainUserControls_QueryResult.htm" />
    <HelpKINode Title="constructor" Url="html/Overload_IntervalApp_MainUserControls_QueryResult__ctor.htm" />
    <HelpKINode Title="events" Url="html/Events_T_IntervalApp_MainUserControls_QueryResult.htm" />
    <HelpKINode Title="methods" Url="html/Methods_T_IntervalApp_MainUserControls_QueryResult.htm" />
    <HelpKINode Title="properties" Url="html/Properties_T_IntervalApp_MainUserControls_QueryResult.htm" />
  </HelpKINode>
  <HelpKINode Title="QueryResult.InitializeComponent method" Url="html/M_IntervalApp_MainUserControls_QueryResult_InitializeComponent.htm" />
  <HelpKINode Title="QueryResult.QueryResult constructor" Url="html/Overload_IntervalApp_MainUserControls_QueryResult__ctor.htm" />
  <HelpKINode Title="Relations class">
    <HelpKINode Title="Relations Class" Url="html/T_IntervalApp_MainUserControls_Relations.htm" />
    <HelpKINode Title="about Relations class" Url="html/T_IntervalApp_MainUserControls_Relations.htm" />
    <HelpKINode Title="constructor" Url="html/M_IntervalApp_MainUserControls_Relations__ctor.htm" />
    <HelpKINode Title="events" Url="html/Events_T_IntervalApp_MainUserControls_Relations.htm" />
    <HelpKINode Title="methods" Url="html/Methods_T_IntervalApp_MainUserControls_Relations.htm" />
    <HelpKINode Title="properties" Url="html/Properties_T_IntervalApp_MainUserControls_Relations.htm" />
  </HelpKINode>
  <HelpKINode Title="Relations.InitializeComponent method" Url="html/M_IntervalApp_MainUserControls_Relations_InitializeComponent.htm" />
  <HelpKINode Title="Relations.populateHierarchies method" Url="html/M_IntervalApp_MainUserControls_Relations_populateHierarchies.htm" />
  <HelpKINode Title="Relations.Relations constructor" Url="html/M_IntervalApp_MainUserControls_Relations__ctor.htm" />
  <HelpKINode Title="Result class">
    <HelpKINode Title="Result Class" Url="html/T_ConnDBlib_Result.htm" />
    <HelpKINode Title="about Result class" Url="html/T_ConnDBlib_Result.htm" />
    <HelpKINode Title="constructor" Url="html/M_ConnDBlib_Result__ctor.htm" />
    <HelpKINode Title="fields" Url="html/Fields_T_ConnDBlib_Result.htm" />
    <HelpKINode Title="methods" Url="html/Methods_T_ConnDBlib_Result.htm" />
  </HelpKINode>
  <HelpKINode Title="Result.errormsg field" Url="html/F_ConnDBlib_Result_errormsg.htm" />
  <HelpKINode Title="Result.executiontime field" Url="html/F_ConnDBlib_Result_executiontime.htm" />
  <HelpKINode Title="Result.Result constructor" Url="html/M_ConnDBlib_Result__ctor.htm" />
  <HelpKINode Title="Result.wynik field" Url="html/F_ConnDBlib_Result_wynik.htm" />
  <HelpKINode Title="SelectedQuery property" Url="html/P_IntervalApp_MainUserControls_Stats_SelectedQuery.htm" />
  <HelpKINode Title="SelectedQueryCollection property" Url="html/P_IntervalApp_MainUserControls_Stats_SelectedQueryCollection.htm" />
  <HelpKINode Title="selectedStat field">
    <HelpKINode Title="PlotWindow.selectedStat Field" Url="html/F_IntervalApp_PlotViewModel_PlotWindow_selectedStat.htm" />
    <HelpKINode Title="Stats.selectedStat Field" Url="html/F_IntervalApp_MainUserControls_Stats_selectedStat.htm" />
  </HelpKINode>
  <HelpKINode Title="ShowFunction class">
    <HelpKINode Title="ShowFunction Class" Url="html/T_IntervalApp_MainUserControls_ShowFunction.htm" />
    <HelpKINode Title="about ShowFunction class" Url="html/T_IntervalApp_MainUserControls_ShowFunction.htm" />
    <HelpKINode Title="constructor" Url="html/Overload_IntervalApp_MainUserControls_ShowFunction__ctor.htm" />
    <HelpKINode Title="events" Url="html/Events_T_IntervalApp_MainUserControls_ShowFunction.htm" />
    <HelpKINode Title="methods" Url="html/Methods_T_IntervalApp_MainUserControls_ShowFunction.htm" />
    <HelpKINode Title="properties" Url="html/Properties_T_IntervalApp_MainUserControls_ShowFunction.htm" />
  </HelpKINode>
  <HelpKINode Title="ShowFunction.InitializeComponent method" Url="html/M_IntervalApp_MainUserControls_ShowFunction_InitializeComponent.htm" />
  <HelpKINode Title="ShowFunction.ShowFunction constructor" Url="html/Overload_IntervalApp_MainUserControls_ShowFunction__ctor.htm" />
  <HelpKINode Title="sql property" Url="html/P_IntervalApp_StatHolder_sql.htm" />
  <HelpKINode Title="StatHandler class">
    <HelpKINode Title="StatHandler Class" Url="html/T_ConnDBlib_StatHandler.htm" />
    <HelpKINode Title="about StatHandler class" Url="html/T_ConnDBlib_StatHandler.htm" />
    <HelpKINode Title="methods" Url="html/Methods_T_ConnDBlib_StatHandler.htm" />
  </HelpKINode>
  <HelpKINode Title="StatHandler.addQueryLog method" Url="html/M_ConnDBlib_StatHandler_addQueryLog.htm" />
  <HelpKINode Title="StatHandler.deleteStats method" Url="html/M_ConnDBlib_StatHandler_deleteStats.htm" />
  <HelpKINode Title="StatHandler.getStats method" Url="html/M_ConnDBlib_StatHandler_getStats.htm" />
  <HelpKINode Title="StatHolder class">
    <HelpKINode Title="StatHolder Class" Url="html/T_IntervalApp_StatHolder.htm" />
    <HelpKINode Title="about StatHolder class" Url="html/T_IntervalApp_StatHolder.htm" />
    <HelpKINode Title="constructor" Url="html/M_IntervalApp_StatHolder__ctor.htm" />
    <HelpKINode Title="methods" Url="html/Methods_T_IntervalApp_StatHolder.htm" />
    <HelpKINode Title="properties" Url="html/Properties_T_IntervalApp_StatHolder.htm" />
  </HelpKINode>
  <HelpKINode Title="StatHolder.comment property" Url="html/P_IntervalApp_StatHolder_comment.htm" />
  <HelpKINode Title="StatHolder.id_query property" Url="html/P_IntervalApp_StatHolder_id_query.htm" />
  <HelpKINode Title="StatHolder.sql property" Url="html/P_IntervalApp_StatHolder_sql.htm" />
  <HelpKINode Title="StatHolder.StatHolder constructor" Url="html/M_IntervalApp_StatHolder__ctor.htm" />
  <HelpKINode Title="StatHolder.time property" Url="html/P_IntervalApp_StatHolder_time.htm" />
  <HelpKINode Title="Stats class">
    <HelpKINode Title="Stats Class" Url="html/T_IntervalApp_MainUserControls_Stats.htm" />
    <HelpKINode Title="about Stats class" Url="html/T_IntervalApp_MainUserControls_Stats.htm" />
    <HelpKINode Title="constructor" Url="html/M_IntervalApp_MainUserControls_Stats__ctor.htm" />
    <HelpKINode Title="events" Url="html/Events_T_IntervalApp_MainUserControls_Stats.htm" />
    <HelpKINode Title="fields" Url="html/Fields_T_IntervalApp_MainUserControls_Stats.htm" />
    <HelpKINode Title="methods" Url="html/Methods_T_IntervalApp_MainUserControls_Stats.htm" />
    <HelpKINode Title="properties" Url="html/Properties_T_IntervalApp_MainUserControls_Stats.htm" />
  </HelpKINode>
  <HelpKINode Title="Stats.InitializeComponent method" Url="html/M_IntervalApp_MainUserControls_Stats_InitializeComponent.htm" />
  <HelpKINode Title="Stats.QueryCollection property" Url="html/P_IntervalApp_MainUserControls_Stats_QueryCollection.htm" />
  <HelpKINode Title="Stats.SelectedQuery property" Url="html/P_IntervalApp_MainUserControls_Stats_SelectedQuery.htm" />
  <HelpKINode Title="Stats.SelectedQueryCollection property" Url="html/P_IntervalApp_MainUserControls_Stats_SelectedQueryCollection.htm" />
  <HelpKINode Title="Stats.selectedStat field" Url="html/F_IntervalApp_MainUserControls_Stats_selectedStat.htm" />
  <HelpKINode Title="Stats.Stats constructor" Url="html/M_IntervalApp_MainUserControls_Stats__ctor.htm" />
  <HelpKINode Title="Switch method" Url="html/Overload_IntervalApp_Switchable_Switcher_Switch.htm" />
  <HelpKINode Title="Switcher class">
    <HelpKINode Title="Switcher Class" Url="html/T_IntervalApp_Switchable_Switcher.htm" />
    <HelpKINode Title="about Switcher class" Url="html/T_IntervalApp_Switchable_Switcher.htm" />
    <HelpKINode Title="fields" Url="html/Fields_T_IntervalApp_Switchable_Switcher.htm" />
    <HelpKINode Title="methods" Url="html/Methods_T_IntervalApp_Switchable_Switcher.htm" />
  </HelpKINode>
  <HelpKINode Title="Switcher.pageSwitcher field" Url="html/F_IntervalApp_Switchable_Switcher_pageSwitcher.htm" />
  <HelpKINode Title="Switcher.Switch method" Url="html/Overload_IntervalApp_Switchable_Switcher_Switch.htm" />
  <HelpKINode Title="TableSheet class">
    <HelpKINode Title="TableSheet Class" Url="html/T_IntervalApp_MainUserControls_TableSheet.htm" />
    <HelpKINode Title="about TableSheet class" Url="html/T_IntervalApp_MainUserControls_TableSheet.htm" />
    <HelpKINode Title="constructor" Url="html/M_IntervalApp_MainUserControls_TableSheet__ctor.htm" />
    <HelpKINode Title="events" Url="html/Events_T_IntervalApp_MainUserControls_TableSheet.htm" />
    <HelpKINode Title="methods" Url="html/Methods_T_IntervalApp_MainUserControls_TableSheet.htm" />
    <HelpKINode Title="properties" Url="html/Properties_T_IntervalApp_MainUserControls_TableSheet.htm" />
  </HelpKINode>
  <HelpKINode Title="TableSheet.columnList method" Url="html/M_IntervalApp_MainUserControls_TableSheet_columnList.htm" />
  <HelpKINode Title="TableSheet.InitializeComponent method" Url="html/M_IntervalApp_MainUserControls_TableSheet_InitializeComponent.htm" />
  <HelpKINode Title="TableSheet.populateListView method" Url="html/M_IntervalApp_MainUserControls_TableSheet_populateListView.htm" />
  <HelpKINode Title="TableSheet.TableSheet constructor" Url="html/M_IntervalApp_MainUserControls_TableSheet__ctor.htm" />
  <HelpKINode Title="time property" Url="html/P_IntervalApp_StatHolder_time.htm" />
  <HelpKINode Title="wynik field" Url="html/F_ConnDBlib_Result_wynik.htm" />
  <HelpKINode Title="XamlGeneratedNamespace namespace" Url="html/N_XamlGeneratedNamespace.htm" />
  <HelpKINode Title="XamlGeneratedNamespace.GeneratedInternalTypeHelper class" Url="html/T_XamlGeneratedNamespace_GeneratedInternalTypeHelper.htm" />
</HelpKI>
