﻿<?xml version="1.0" encoding="utf-8"?>
<HelpTOC>

  <HelpTOCNode Id="c9527ad1-a3da-440b-9077-39481179461c" Title="ConnDBlib" Url="html/N_ConnDBlib.htm">
    <HelpTOCNode Id="23de3e2f-52fe-4087-8a28-0c1f643cfb94" Title="Connection Class" Url="html/T_ConnDBlib_Connection.htm">
      <HelpTOCNode Id="bb023315-2e35-483e-8b75-daf95adc7db7" Title="Connection Methods" Url="html/Methods_T_ConnDBlib_Connection.htm">
        <HelpTOCNode Title="add_table Method " Url="html/M_ConnDBlib_Connection_add_table.htm" />
        <HelpTOCNode Title="Close Method " Url="html/M_ConnDBlib_Connection_Close.htm" />
        <HelpTOCNode Title="ExecuteDataSet Method " Url="html/M_ConnDBlib_Connection_ExecuteDataSet.htm" />
        <HelpTOCNode Title="ExecuteDataSet2 Method " Url="html/M_ConnDBlib_Connection_ExecuteDataSet2.htm" />
        <HelpTOCNode Title="ExecuteNonQuery Method " Url="html/M_ConnDBlib_Connection_ExecuteNonQuery.htm" />
        <HelpTOCNode Title="ExecuteNonQuery2 Method " Url="html/M_ConnDBlib_Connection_ExecuteNonQuery2.htm" />
        <HelpTOCNode Title="ExecuteReader Method " Url="html/M_ConnDBlib_Connection_ExecuteReader.htm" />
        <HelpTOCNode Title="GetString Method " Url="html/M_ConnDBlib_Connection_GetString.htm" />
        <HelpTOCNode Title="insert_row Method " Url="html/M_ConnDBlib_Connection_insert_row.htm" />
        <HelpTOCNode Title="Open Method " Url="html/M_ConnDBlib_Connection_Open.htm" />
      </HelpTOCNode>
    </HelpTOCNode>
    <HelpTOCNode Id="56fb0036-2943-4143-bc12-38bd54326280" Title="DimensionHandler Class" Url="html/T_ConnDBlib_DimensionHandler.htm">
      <HelpTOCNode Id="08a95439-e0f1-4326-903c-2ba752e50dd7" Title="DimensionHandler Methods" Url="html/Methods_T_ConnDBlib_DimensionHandler.htm">
        <HelpTOCNode Title="addDimension Method " Url="html/M_ConnDBlib_DimensionHandler_addDimension.htm" />
        <HelpTOCNode Title="dropDimension Method " Url="html/M_ConnDBlib_DimensionHandler_dropDimension.htm" />
        <HelpTOCNode Title="getDimensionColumns Method " Url="html/M_ConnDBlib_DimensionHandler_getDimensionColumns.htm" />
        <HelpTOCNode Title="getDimensions Method " Url="html/M_ConnDBlib_DimensionHandler_getDimensions.htm" />
      </HelpTOCNode>
    </HelpTOCNode>
    <HelpTOCNode Id="3b9210f2-bab0-40d5-9813-3e029d397001" Title="FactHandler Class" Url="html/T_ConnDBlib_FactHandler.htm">
      <HelpTOCNode Id="7fdee6e7-9658-45b1-a6fd-ed7c12fed327" Title="FactHandler Methods" Url="html/Methods_T_ConnDBlib_FactHandler.htm">
        <HelpTOCNode Title="addFact Method " Url="html/M_ConnDBlib_FactHandler_addFact.htm" />
        <HelpTOCNode Title="dropFact Method " Url="html/M_ConnDBlib_FactHandler_dropFact.htm" />
        <HelpTOCNode Title="getFactColumns Method " Url="html/M_ConnDBlib_FactHandler_getFactColumns.htm" />
        <HelpTOCNode Title="getFacts Method " Url="html/M_ConnDBlib_FactHandler_getFacts.htm" />
      </HelpTOCNode>
    </HelpTOCNode>
    <HelpTOCNode Id="dff487f3-d5a5-4341-994a-81f61a30e6d9" Title="FunctionHandler Class" Url="html/T_ConnDBlib_FunctionHandler.htm">
      <HelpTOCNode Id="49685b4d-1063-452f-a0f2-61ebcf674087" Title="FunctionHandler Methods" Url="html/Methods_T_ConnDBlib_FunctionHandler.htm">
        <HelpTOCNode Id="236e17b2-3c2b-48f7-9f93-c5dc9f92efbd" Title="addFunction Method " Url="html/Overload_ConnDBlib_FunctionHandler_addFunction.htm">
          <HelpTOCNode Title="addFunction Method (String)" Url="html/M_ConnDBlib_FunctionHandler_addFunction.htm" />
          <HelpTOCNode Title="addFunction Method (String, String, String)" Url="html/M_ConnDBlib_FunctionHandler_addFunction_1.htm" />
        </HelpTOCNode>
        <HelpTOCNode Title="checkFunctionExist Method " Url="html/M_ConnDBlib_FunctionHandler_checkFunctionExist.htm" />
        <HelpTOCNode Title="deleteNullSlope Method " Url="html/M_ConnDBlib_FunctionHandler_deleteNullSlope.htm" />
        <HelpTOCNode Title="dropFunction Method " Url="html/M_ConnDBlib_FunctionHandler_dropFunction.htm" />
        <HelpTOCNode Title="getFirstHundredFunction Method " Url="html/M_ConnDBlib_FunctionHandler_getFirstHundredFunction.htm" />
        <HelpTOCNode Title="getFunctionColumns Method " Url="html/M_ConnDBlib_FunctionHandler_getFunctionColumns.htm" />
        <HelpTOCNode Title="getFunctions Method " Url="html/M_ConnDBlib_FunctionHandler_getFunctions.htm" />
        <HelpTOCNode Title="makeQueryAddFunction Method " Url="html/M_ConnDBlib_FunctionHandler_makeQueryAddFunction.htm" />
      </HelpTOCNode>
    </HelpTOCNode>
    <HelpTOCNode Id="6fcc913b-274d-46fe-92e3-19a8eb1179fc" Title="HierarchyHandler Class" Url="html/T_ConnDBlib_HierarchyHandler.htm">
      <HelpTOCNode Id="76dc1889-f451-4eb8-a572-3cce79efa33a" Title="HierarchyHandler Methods" Url="html/Methods_T_ConnDBlib_HierarchyHandler.htm">
        <HelpTOCNode Title="addForeignKey Method " Url="html/M_ConnDBlib_HierarchyHandler_addForeignKey.htm" />
        <HelpTOCNode Title="addForeignKey2 Method " Url="html/M_ConnDBlib_HierarchyHandler_addForeignKey2.htm" />
        <HelpTOCNode Title="alu Method " Url="html/M_ConnDBlib_HierarchyHandler_alu.htm" />
        <HelpTOCNode Title="dropConstraint Method " Url="html/M_ConnDBlib_HierarchyHandler_dropConstraint.htm" />
        <HelpTOCNode Title="getConstraints Method " Url="html/M_ConnDBlib_HierarchyHandler_getConstraints.htm" />
      </HelpTOCNode>
    </HelpTOCNode>
    <HelpTOCNode Id="21f26ca7-3f74-490d-9d15-f6c1c6b82be9" Title="InitHandler Class" Url="html/T_ConnDBlib_InitHandler.htm">
      <HelpTOCNode Id="aba7934d-beb1-4ce9-9cea-b660667bf5d4" Title="InitHandler Methods" Url="html/Methods_T_ConnDBlib_InitHandler.htm">
        <HelpTOCNode Title="addSequences Method " Url="html/M_ConnDBlib_InitHandler_addSequences.htm" />
        <HelpTOCNode Title="addTables Method " Url="html/M_ConnDBlib_InitHandler_addTables.htm" />
        <HelpTOCNode Title="addTestProject Method " Url="html/M_ConnDBlib_InitHandler_addTestProject.htm" />
        <HelpTOCNode Title="addTriggers Method " Url="html/M_ConnDBlib_InitHandler_addTriggers.htm" />
        <HelpTOCNode Title="checkIfInitDone Method " Url="html/M_ConnDBlib_InitHandler_checkIfInitDone.htm" />
      </HelpTOCNode>
    </HelpTOCNode>
    <HelpTOCNode Id="27279750-3597-4c9d-815e-b7c81879fdae" Title="ProjectHandler Class" Url="html/T_ConnDBlib_ProjectHandler.htm">
      <HelpTOCNode Id="a0a87397-bcc0-49dc-a439-3cfe25ace7fa" Title="ProjectHandler Methods" Url="html/Methods_T_ConnDBlib_ProjectHandler.htm">
        <HelpTOCNode Title="newProject Method " Url="html/M_ConnDBlib_ProjectHandler_newProject.htm" />
      </HelpTOCNode>
    </HelpTOCNode>
    <HelpTOCNode Id="b6a8273c-b202-4570-8f13-05c532bd2f71" Title="Result Class" Url="html/T_ConnDBlib_Result.htm">
      <HelpTOCNode Title="Result Constructor " Url="html/M_ConnDBlib_Result__ctor.htm" />
      <HelpTOCNode Title="Result Methods" Url="html/Methods_T_ConnDBlib_Result.htm" />
      <HelpTOCNode Id="54311eb8-ccfd-40e5-a967-028aad6d14b7" Title="Result Fields" Url="html/Fields_T_ConnDBlib_Result.htm">
        <HelpTOCNode Title="errormsg Field" Url="html/F_ConnDBlib_Result_errormsg.htm" />
        <HelpTOCNode Title="executiontime Field" Url="html/F_ConnDBlib_Result_executiontime.htm" />
        <HelpTOCNode Title="wynik Field" Url="html/F_ConnDBlib_Result_wynik.htm" />
      </HelpTOCNode>
    </HelpTOCNode>
    <HelpTOCNode Id="09839139-f257-4fe9-9f6c-cba767345710" Title="StatHandler Class" Url="html/T_ConnDBlib_StatHandler.htm">
      <HelpTOCNode Id="b1d62049-0250-4503-8347-4e317a66a726" Title="StatHandler Methods" Url="html/Methods_T_ConnDBlib_StatHandler.htm">
        <HelpTOCNode Title="addQueryLog Method " Url="html/M_ConnDBlib_StatHandler_addQueryLog.htm" />
        <HelpTOCNode Title="deleteStats Method " Url="html/M_ConnDBlib_StatHandler_deleteStats.htm" />
        <HelpTOCNode Title="getStats Method " Url="html/M_ConnDBlib_StatHandler_getStats.htm" />
      </HelpTOCNode>
    </HelpTOCNode>
  </HelpTOCNode>
  <HelpTOCNode Id="2bf932e5-f603-4b6a-bb5a-4bcb9fc1c001" Title="ImportData" Url="html/N_ImportData.htm">
    <HelpTOCNode Id="184e2d5b-6b49-4d1b-98da-bfd169a25c77" Title="ImportCSV Class" Url="html/T_ImportData_ImportCSV.htm">
      <HelpTOCNode Id="4417ea85-02fa-490c-a7ec-c64728638082" Title="ImportCSV Methods" Url="html/Methods_T_ImportData_ImportCSV.htm">
        <HelpTOCNode Title="importTable Method " Url="html/M_ImportData_ImportCSV_importTable.htm" />
      </HelpTOCNode>
    </HelpTOCNode>
  </HelpTOCNode>
  <HelpTOCNode Id="8f237d64-5fa1-4728-9701-4febfb4025e6" Title="IntervalApp" Url="html/N_IntervalApp.htm">
    <HelpTOCNode Id="e421913a-23c5-4c74-be7d-aa72fb890e40" Title="App Class" Url="html/T_IntervalApp_App.htm">
      <HelpTOCNode Title="App Constructor " Url="html/M_IntervalApp_App__ctor.htm" />
      <HelpTOCNode Title="App Properties" Url="html/Properties_T_IntervalApp_App.htm" />
      <HelpTOCNode Id="ecbd41c2-97f6-4d96-97c3-ccd989771af4" Title="App Methods" Url="html/Methods_T_IntervalApp_App.htm">
        <HelpTOCNode Title="InitializeComponent Method " Url="html/M_IntervalApp_App_InitializeComponent.htm" />
        <HelpTOCNode Title="Main Method " Url="html/M_IntervalApp_App_Main.htm" />
      </HelpTOCNode>
      <HelpTOCNode Title="App Events" Url="html/Events_T_IntervalApp_App.htm" />
    </HelpTOCNode>
    <HelpTOCNode Id="930b1da1-5ca6-4099-932d-54370429662d" Title="MainWindow Class" Url="html/T_IntervalApp_MainWindow.htm">
      <HelpTOCNode Title="MainWindow Constructor " Url="html/M_IntervalApp_MainWindow__ctor.htm" />
      <HelpTOCNode Title="MainWindow Properties" Url="html/Properties_T_IntervalApp_MainWindow.htm" />
      <HelpTOCNode Id="e0739718-1c8f-4ebe-abad-6e377a91a3d6" Title="MainWindow Methods" Url="html/Methods_T_IntervalApp_MainWindow.htm">
        <HelpTOCNode Title="InitializeComponent Method " Url="html/M_IntervalApp_MainWindow_InitializeComponent.htm" />
        <HelpTOCNode Id="a0d29b71-b5b1-4538-a93c-b212072e1ecf" Title="Navigate Method " Url="html/Overload_IntervalApp_MainWindow_Navigate.htm">
          <HelpTOCNode Title="Navigate Method (UserControl)" Url="html/M_IntervalApp_MainWindow_Navigate.htm" />
          <HelpTOCNode Title="Navigate Method (UserControl, Object)" Url="html/M_IntervalApp_MainWindow_Navigate_1.htm" />
        </HelpTOCNode>
      </HelpTOCNode>
      <HelpTOCNode Title="MainWindow Events" Url="html/Events_T_IntervalApp_MainWindow.htm" />
    </HelpTOCNode>
    <HelpTOCNode Id="26caf3b6-6e40-4569-81b5-710b5331eb44" Title="StatHolder Class" Url="html/T_IntervalApp_StatHolder.htm">
      <HelpTOCNode Title="StatHolder Constructor " Url="html/M_IntervalApp_StatHolder__ctor.htm" />
      <HelpTOCNode Id="d9be111e-2add-4da7-9af4-fd7bba50be3e" Title="StatHolder Properties" Url="html/Properties_T_IntervalApp_StatHolder.htm">
        <HelpTOCNode Title="comment Property " Url="html/P_IntervalApp_StatHolder_comment.htm" />
        <HelpTOCNode Title="id_query Property " Url="html/P_IntervalApp_StatHolder_id_query.htm" />
        <HelpTOCNode Title="sql Property " Url="html/P_IntervalApp_StatHolder_sql.htm" />
        <HelpTOCNode Title="time Property " Url="html/P_IntervalApp_StatHolder_time.htm" />
      </HelpTOCNode>
      <HelpTOCNode Title="StatHolder Methods" Url="html/Methods_T_IntervalApp_StatHolder.htm" />
    </HelpTOCNode>
  </HelpTOCNode>
  <HelpTOCNode Id="9c5c97e9-5190-4666-ac9d-25bea5b0fb0d" Title="IntervalApp.AccessoryUserControls" Url="html/N_IntervalApp_AccessoryUserControls.htm">
    <HelpTOCNode Id="6647d2bd-2bde-4298-a161-ca9411d3acb0" Title="ColumnBar Class" Url="html/T_IntervalApp_AccessoryUserControls_ColumnBar.htm">
      <HelpTOCNode Title="ColumnBar Constructor " Url="html/M_IntervalApp_AccessoryUserControls_ColumnBar__ctor.htm" />
      <HelpTOCNode Title="ColumnBar Properties" Url="html/Properties_T_IntervalApp_AccessoryUserControls_ColumnBar.htm" />
      <HelpTOCNode Id="bb2cc6be-f55c-4c59-a8bb-d17b8256d6f0" Title="ColumnBar Methods" Url="html/Methods_T_IntervalApp_AccessoryUserControls_ColumnBar.htm">
        <HelpTOCNode Title="InitializeComponent Method " Url="html/M_IntervalApp_AccessoryUserControls_ColumnBar_InitializeComponent.htm" />
      </HelpTOCNode>
      <HelpTOCNode Title="ColumnBar Events" Url="html/Events_T_IntervalApp_AccessoryUserControls_ColumnBar.htm" />
    </HelpTOCNode>
    <HelpTOCNode Id="66d25bb9-36f4-4993-936b-c4434cdcdf41" Title="ColumnBar2 Class" Url="html/T_IntervalApp_AccessoryUserControls_ColumnBar2.htm">
      <HelpTOCNode Title="ColumnBar2 Constructor " Url="html/M_IntervalApp_AccessoryUserControls_ColumnBar2__ctor.htm" />
      <HelpTOCNode Title="ColumnBar2 Properties" Url="html/Properties_T_IntervalApp_AccessoryUserControls_ColumnBar2.htm" />
      <HelpTOCNode Id="015c0a82-d759-413d-b28e-12ff29e9e17b" Title="ColumnBar2 Methods" Url="html/Methods_T_IntervalApp_AccessoryUserControls_ColumnBar2.htm">
        <HelpTOCNode Title="InitializeComponent Method " Url="html/M_IntervalApp_AccessoryUserControls_ColumnBar2_InitializeComponent.htm" />
      </HelpTOCNode>
      <HelpTOCNode Title="ColumnBar2 Events" Url="html/Events_T_IntervalApp_AccessoryUserControls_ColumnBar2.htm" />
    </HelpTOCNode>
  </HelpTOCNode>
  <HelpTOCNode Id="e480d12c-5012-45b3-b3f2-06b0f6e161a4" Title="IntervalApp.MainUserControls" Url="html/N_IntervalApp_MainUserControls.htm">
    <HelpTOCNode Id="b8f3c011-290a-4293-acc5-67317202b47d" Title="CreateDimensions Class" Url="html/T_IntervalApp_MainUserControls_CreateDimensions.htm">
      <HelpTOCNode Id="b320115e-6b8c-49fe-83ea-384d414d64ac" Title="CreateDimensions Constructor " Url="html/Overload_IntervalApp_MainUserControls_CreateDimensions__ctor.htm">
        <HelpTOCNode Title="CreateDimensions Constructor " Url="html/M_IntervalApp_MainUserControls_CreateDimensions__ctor.htm" />
        <HelpTOCNode Title="CreateDimensions Constructor (String)" Url="html/M_IntervalApp_MainUserControls_CreateDimensions__ctor_1.htm" />
      </HelpTOCNode>
      <HelpTOCNode Title="CreateDimensions Properties" Url="html/Properties_T_IntervalApp_MainUserControls_CreateDimensions.htm" />
      <HelpTOCNode Id="c6d40a13-c348-4d19-98ff-0b18ba576473" Title="CreateDimensions Methods" Url="html/Methods_T_IntervalApp_MainUserControls_CreateDimensions.htm">
        <HelpTOCNode Title="InitializeComponent Method " Url="html/M_IntervalApp_MainUserControls_CreateDimensions_InitializeComponent.htm" />
      </HelpTOCNode>
      <HelpTOCNode Title="CreateDimensions Events" Url="html/Events_T_IntervalApp_MainUserControls_CreateDimensions.htm" />
    </HelpTOCNode>
    <HelpTOCNode Id="92466e04-af32-4313-9a03-c98a5d7a894e" Title="CreateFacts Class" Url="html/T_IntervalApp_MainUserControls_CreateFacts.htm">
      <HelpTOCNode Id="d4a8e31f-2e75-4bda-a03b-44c27e7db4f0" Title="CreateFacts Constructor " Url="html/Overload_IntervalApp_MainUserControls_CreateFacts__ctor.htm">
        <HelpTOCNode Title="CreateFacts Constructor " Url="html/M_IntervalApp_MainUserControls_CreateFacts__ctor.htm" />
        <HelpTOCNode Title="CreateFacts Constructor (String)" Url="html/M_IntervalApp_MainUserControls_CreateFacts__ctor_1.htm" />
      </HelpTOCNode>
      <HelpTOCNode Title="CreateFacts Properties" Url="html/Properties_T_IntervalApp_MainUserControls_CreateFacts.htm" />
      <HelpTOCNode Id="bd42bf3d-e06d-4dbe-9695-f25ca7aa276e" Title="CreateFacts Methods" Url="html/Methods_T_IntervalApp_MainUserControls_CreateFacts.htm">
        <HelpTOCNode Title="InitializeComponent Method " Url="html/M_IntervalApp_MainUserControls_CreateFacts_InitializeComponent.htm" />
      </HelpTOCNode>
      <HelpTOCNode Title="CreateFacts Events" Url="html/Events_T_IntervalApp_MainUserControls_CreateFacts.htm" />
    </HelpTOCNode>
    <HelpTOCNode Id="d92c48c0-96ac-470d-9a11-00c4b0bbde17" Title="CreateFunctionTable Class" Url="html/T_IntervalApp_MainUserControls_CreateFunctionTable.htm">
      <HelpTOCNode Title="CreateFunctionTable Constructor " Url="html/M_IntervalApp_MainUserControls_CreateFunctionTable__ctor.htm" />
      <HelpTOCNode Title="CreateFunctionTable Properties" Url="html/Properties_T_IntervalApp_MainUserControls_CreateFunctionTable.htm" />
      <HelpTOCNode Id="d36aff7d-cedd-4261-8843-83f507dc2b7c" Title="CreateFunctionTable Methods" Url="html/Methods_T_IntervalApp_MainUserControls_CreateFunctionTable.htm">
        <HelpTOCNode Title="InitializeComponent Method " Url="html/M_IntervalApp_MainUserControls_CreateFunctionTable_InitializeComponent.htm" />
      </HelpTOCNode>
      <HelpTOCNode Title="CreateFunctionTable Events" Url="html/Events_T_IntervalApp_MainUserControls_CreateFunctionTable.htm" />
    </HelpTOCNode>
    <HelpTOCNode Id="61aa43e5-6ead-4ca7-a3e1-22774f6d4862" Title="CreateHierarchies Class" Url="html/T_IntervalApp_MainUserControls_CreateHierarchies.htm">
      <HelpTOCNode Title="CreateHierarchies Constructor " Url="html/M_IntervalApp_MainUserControls_CreateHierarchies__ctor.htm" />
      <HelpTOCNode Title="CreateHierarchies Properties" Url="html/Properties_T_IntervalApp_MainUserControls_CreateHierarchies.htm" />
      <HelpTOCNode Id="c6b33309-9475-4911-8e2a-6ce84277e0f1" Title="CreateHierarchies Methods" Url="html/Methods_T_IntervalApp_MainUserControls_CreateHierarchies.htm">
        <HelpTOCNode Title="columnList Method " Url="html/M_IntervalApp_MainUserControls_CreateHierarchies_columnList.htm" />
        <HelpTOCNode Title="InitializeComponent Method " Url="html/M_IntervalApp_MainUserControls_CreateHierarchies_InitializeComponent.htm" />
        <HelpTOCNode Title="populateListView Method " Url="html/M_IntervalApp_MainUserControls_CreateHierarchies_populateListView.htm" />
      </HelpTOCNode>
      <HelpTOCNode Title="CreateHierarchies Events" Url="html/Events_T_IntervalApp_MainUserControls_CreateHierarchies.htm" />
    </HelpTOCNode>
    <HelpTOCNode Id="ca09e6a0-6ec5-4a0c-83fd-3c36ec13d0e0" Title="CreateRelations Class" Url="html/T_IntervalApp_MainUserControls_CreateRelations.htm">
      <HelpTOCNode Title="CreateRelations Constructor " Url="html/M_IntervalApp_MainUserControls_CreateRelations__ctor.htm" />
      <HelpTOCNode Title="CreateRelations Properties" Url="html/Properties_T_IntervalApp_MainUserControls_CreateRelations.htm" />
      <HelpTOCNode Id="0fdb4e23-7517-4ca3-953a-19cd2ec58258" Title="CreateRelations Methods" Url="html/Methods_T_IntervalApp_MainUserControls_CreateRelations.htm">
        <HelpTOCNode Title="columnList Method " Url="html/M_IntervalApp_MainUserControls_CreateRelations_columnList.htm" />
        <HelpTOCNode Title="InitializeComponent Method " Url="html/M_IntervalApp_MainUserControls_CreateRelations_InitializeComponent.htm" />
        <HelpTOCNode Title="populateListView Method " Url="html/M_IntervalApp_MainUserControls_CreateRelations_populateListView.htm" />
      </HelpTOCNode>
      <HelpTOCNode Title="CreateRelations Events" Url="html/Events_T_IntervalApp_MainUserControls_CreateRelations.htm" />
    </HelpTOCNode>
    <HelpTOCNode Id="063e3524-da74-4ad9-9324-f768ce720828" Title="Dimensions Class" Url="html/T_IntervalApp_MainUserControls_Dimensions.htm">
      <HelpTOCNode Title="Dimensions Constructor " Url="html/M_IntervalApp_MainUserControls_Dimensions__ctor.htm" />
      <HelpTOCNode Title="Dimensions Properties" Url="html/Properties_T_IntervalApp_MainUserControls_Dimensions.htm" />
      <HelpTOCNode Id="d3757ee9-26ba-464c-9102-300732b58891" Title="Dimensions Methods" Url="html/Methods_T_IntervalApp_MainUserControls_Dimensions.htm">
        <HelpTOCNode Title="InitializeComponent Method " Url="html/M_IntervalApp_MainUserControls_Dimensions_InitializeComponent.htm" />
      </HelpTOCNode>
      <HelpTOCNode Title="Dimensions Events" Url="html/Events_T_IntervalApp_MainUserControls_Dimensions.htm" />
    </HelpTOCNode>
    <HelpTOCNode Id="35ea0788-1a8b-4aaa-80aa-e05ae8088062" Title="Facts Class" Url="html/T_IntervalApp_MainUserControls_Facts.htm">
      <HelpTOCNode Title="Facts Constructor " Url="html/M_IntervalApp_MainUserControls_Facts__ctor.htm" />
      <HelpTOCNode Title="Facts Properties" Url="html/Properties_T_IntervalApp_MainUserControls_Facts.htm" />
      <HelpTOCNode Id="b591939e-d2b7-4cf1-a845-f7e539b9e3d6" Title="Facts Methods" Url="html/Methods_T_IntervalApp_MainUserControls_Facts.htm">
        <HelpTOCNode Title="InitializeComponent Method " Url="html/M_IntervalApp_MainUserControls_Facts_InitializeComponent.htm" />
      </HelpTOCNode>
      <HelpTOCNode Title="Facts Events" Url="html/Events_T_IntervalApp_MainUserControls_Facts.htm" />
    </HelpTOCNode>
    <HelpTOCNode Id="cb34466b-f401-4e08-b074-f697fcea93e9" Title="FunctionTables Class" Url="html/T_IntervalApp_MainUserControls_FunctionTables.htm">
      <HelpTOCNode Title="FunctionTables Constructor " Url="html/M_IntervalApp_MainUserControls_FunctionTables__ctor.htm" />
      <HelpTOCNode Title="FunctionTables Properties" Url="html/Properties_T_IntervalApp_MainUserControls_FunctionTables.htm" />
      <HelpTOCNode Id="9023e9be-6241-45a8-a62d-142669aa1b9a" Title="FunctionTables Methods" Url="html/Methods_T_IntervalApp_MainUserControls_FunctionTables.htm">
        <HelpTOCNode Title="InitializeComponent Method " Url="html/M_IntervalApp_MainUserControls_FunctionTables_InitializeComponent.htm" />
      </HelpTOCNode>
      <HelpTOCNode Title="FunctionTables Events" Url="html/Events_T_IntervalApp_MainUserControls_FunctionTables.htm" />
    </HelpTOCNode>
    <HelpTOCNode Id="571d85d4-b742-4042-8646-2c169e0d815c" Title="Hierarchies Class" Url="html/T_IntervalApp_MainUserControls_Hierarchies.htm">
      <HelpTOCNode Title="Hierarchies Constructor " Url="html/M_IntervalApp_MainUserControls_Hierarchies__ctor.htm" />
      <HelpTOCNode Title="Hierarchies Properties" Url="html/Properties_T_IntervalApp_MainUserControls_Hierarchies.htm" />
      <HelpTOCNode Id="45f9e369-c7fb-4105-90d8-c433b2f6d918" Title="Hierarchies Methods" Url="html/Methods_T_IntervalApp_MainUserControls_Hierarchies.htm">
        <HelpTOCNode Title="InitializeComponent Method " Url="html/M_IntervalApp_MainUserControls_Hierarchies_InitializeComponent.htm" />
        <HelpTOCNode Title="populateHierarchies Method " Url="html/M_IntervalApp_MainUserControls_Hierarchies_populateHierarchies.htm" />
      </HelpTOCNode>
      <HelpTOCNode Title="Hierarchies Events" Url="html/Events_T_IntervalApp_MainUserControls_Hierarchies.htm" />
    </HelpTOCNode>
    <HelpTOCNode Id="c8c2f86f-d891-44e0-bbd4-a30dcf49de59" Title="Import Class" Url="html/T_IntervalApp_MainUserControls_Import.htm">
      <HelpTOCNode Title="Import Constructor " Url="html/M_IntervalApp_MainUserControls_Import__ctor.htm" />
      <HelpTOCNode Title="Import Properties" Url="html/Properties_T_IntervalApp_MainUserControls_Import.htm" />
      <HelpTOCNode Id="0ad46fb5-1234-4aa8-a2ea-f7e49529569d" Title="Import Methods" Url="html/Methods_T_IntervalApp_MainUserControls_Import.htm">
        <HelpTOCNode Title="InitializeComponent Method " Url="html/M_IntervalApp_MainUserControls_Import_InitializeComponent.htm" />
      </HelpTOCNode>
      <HelpTOCNode Title="Import Events" Url="html/Events_T_IntervalApp_MainUserControls_Import.htm" />
    </HelpTOCNode>
    <HelpTOCNode Id="11ad3c35-65b8-4511-85ce-8e8870d43701" Title="MainMenu Class" Url="html/T_IntervalApp_MainUserControls_MainMenu.htm">
      <HelpTOCNode Title="MainMenu Constructor " Url="html/M_IntervalApp_MainUserControls_MainMenu__ctor.htm" />
      <HelpTOCNode Title="MainMenu Properties" Url="html/Properties_T_IntervalApp_MainUserControls_MainMenu.htm" />
      <HelpTOCNode Id="96175383-a42c-42bd-b695-51f56295d73a" Title="MainMenu Methods" Url="html/Methods_T_IntervalApp_MainUserControls_MainMenu.htm">
        <HelpTOCNode Title="InitializeComponent Method " Url="html/M_IntervalApp_MainUserControls_MainMenu_InitializeComponent.htm" />
      </HelpTOCNode>
      <HelpTOCNode Title="MainMenu Events" Url="html/Events_T_IntervalApp_MainUserControls_MainMenu.htm" />
    </HelpTOCNode>
    <HelpTOCNode Id="70f2c0b0-c30f-42b5-97a0-6f184544d998" Title="ProjectPage Class" Url="html/T_IntervalApp_MainUserControls_ProjectPage.htm">
      <HelpTOCNode Id="035644b0-03a4-402a-be5b-e6127a3187ab" Title="ProjectPage Constructor " Url="html/Overload_IntervalApp_MainUserControls_ProjectPage__ctor.htm">
        <HelpTOCNode Title="ProjectPage Constructor " Url="html/M_IntervalApp_MainUserControls_ProjectPage__ctor.htm" />
        <HelpTOCNode Title="ProjectPage Constructor (Int32)" Url="html/M_IntervalApp_MainUserControls_ProjectPage__ctor_1.htm" />
      </HelpTOCNode>
      <HelpTOCNode Title="ProjectPage Properties" Url="html/Properties_T_IntervalApp_MainUserControls_ProjectPage.htm" />
      <HelpTOCNode Id="ae407f20-8cdb-465c-9b4b-0081e71bdc20" Title="ProjectPage Methods" Url="html/Methods_T_IntervalApp_MainUserControls_ProjectPage.htm">
        <HelpTOCNode Title="InitializeComponent Method " Url="html/M_IntervalApp_MainUserControls_ProjectPage_InitializeComponent.htm" />
      </HelpTOCNode>
      <HelpTOCNode Title="ProjectPage Events" Url="html/Events_T_IntervalApp_MainUserControls_ProjectPage.htm" />
    </HelpTOCNode>
    <HelpTOCNode Id="7b574398-3eb0-4813-8a9d-4e90d6e5db32" Title="Query Class" Url="html/T_IntervalApp_MainUserControls_Query.htm">
      <HelpTOCNode Id="db014033-4075-4fbf-abdf-fbecbefa2135" Title="Query Constructor " Url="html/Overload_IntervalApp_MainUserControls_Query__ctor.htm">
        <HelpTOCNode Title="Query Constructor " Url="html/M_IntervalApp_MainUserControls_Query__ctor.htm" />
        <HelpTOCNode Title="Query Constructor (String)" Url="html/M_IntervalApp_MainUserControls_Query__ctor_1.htm" />
      </HelpTOCNode>
      <HelpTOCNode Title="Query Properties" Url="html/Properties_T_IntervalApp_MainUserControls_Query.htm" />
      <HelpTOCNode Id="9229cb8b-d66d-438f-b519-0a36c0c87a65" Title="Query Methods" Url="html/Methods_T_IntervalApp_MainUserControls_Query.htm">
        <HelpTOCNode Title="InitializeComponent Method " Url="html/M_IntervalApp_MainUserControls_Query_InitializeComponent.htm" />
      </HelpTOCNode>
      <HelpTOCNode Title="Query Events" Url="html/Events_T_IntervalApp_MainUserControls_Query.htm" />
    </HelpTOCNode>
    <HelpTOCNode Id="ea92bf78-566f-4149-9e32-533efe807c80" Title="QueryResult Class" Url="html/T_IntervalApp_MainUserControls_QueryResult.htm">
      <HelpTOCNode Id="f5e19f56-3bd3-4977-a4b9-3b375ae24aa8" Title="QueryResult Constructor " Url="html/Overload_IntervalApp_MainUserControls_QueryResult__ctor.htm">
        <HelpTOCNode Title="QueryResult Constructor " Url="html/M_IntervalApp_MainUserControls_QueryResult__ctor.htm" />
        <HelpTOCNode Title="QueryResult Constructor (DataSet, String, Int64)" Url="html/M_IntervalApp_MainUserControls_QueryResult__ctor_1.htm" />
      </HelpTOCNode>
      <HelpTOCNode Title="QueryResult Properties" Url="html/Properties_T_IntervalApp_MainUserControls_QueryResult.htm" />
      <HelpTOCNode Id="b5fb83ff-b5ce-414a-aa56-8e2fb85e6c71" Title="QueryResult Methods" Url="html/Methods_T_IntervalApp_MainUserControls_QueryResult.htm">
        <HelpTOCNode Title="InitializeComponent Method " Url="html/M_IntervalApp_MainUserControls_QueryResult_InitializeComponent.htm" />
      </HelpTOCNode>
      <HelpTOCNode Title="QueryResult Events" Url="html/Events_T_IntervalApp_MainUserControls_QueryResult.htm" />
    </HelpTOCNode>
    <HelpTOCNode Id="fe102b04-3e55-454a-9b0c-f4d61b571bed" Title="Relations Class" Url="html/T_IntervalApp_MainUserControls_Relations.htm">
      <HelpTOCNode Title="Relations Constructor " Url="html/M_IntervalApp_MainUserControls_Relations__ctor.htm" />
      <HelpTOCNode Title="Relations Properties" Url="html/Properties_T_IntervalApp_MainUserControls_Relations.htm" />
      <HelpTOCNode Id="c791b583-7110-48e9-88c7-70383b317a1d" Title="Relations Methods" Url="html/Methods_T_IntervalApp_MainUserControls_Relations.htm">
        <HelpTOCNode Title="InitializeComponent Method " Url="html/M_IntervalApp_MainUserControls_Relations_InitializeComponent.htm" />
        <HelpTOCNode Title="populateHierarchies Method " Url="html/M_IntervalApp_MainUserControls_Relations_populateHierarchies.htm" />
      </HelpTOCNode>
      <HelpTOCNode Title="Relations Events" Url="html/Events_T_IntervalApp_MainUserControls_Relations.htm" />
    </HelpTOCNode>
    <HelpTOCNode Id="d2e0aaf0-1dcd-432d-9a3a-d1e6e4e580bb" Title="ShowFunction Class" Url="html/T_IntervalApp_MainUserControls_ShowFunction.htm">
      <HelpTOCNode Id="97c7441f-7827-4c6e-9f25-97641ffc494f" Title="ShowFunction Constructor " Url="html/Overload_IntervalApp_MainUserControls_ShowFunction__ctor.htm">
        <HelpTOCNode Title="ShowFunction Constructor " Url="html/M_IntervalApp_MainUserControls_ShowFunction__ctor.htm" />
        <HelpTOCNode Title="ShowFunction Constructor (String)" Url="html/M_IntervalApp_MainUserControls_ShowFunction__ctor_1.htm" />
      </HelpTOCNode>
      <HelpTOCNode Title="ShowFunction Properties" Url="html/Properties_T_IntervalApp_MainUserControls_ShowFunction.htm" />
      <HelpTOCNode Id="148a3373-905d-426b-bf8a-5311ce2bdefb" Title="ShowFunction Methods" Url="html/Methods_T_IntervalApp_MainUserControls_ShowFunction.htm">
        <HelpTOCNode Title="InitializeComponent Method " Url="html/M_IntervalApp_MainUserControls_ShowFunction_InitializeComponent.htm" />
      </HelpTOCNode>
      <HelpTOCNode Title="ShowFunction Events" Url="html/Events_T_IntervalApp_MainUserControls_ShowFunction.htm" />
    </HelpTOCNode>
    <HelpTOCNode Id="af2bc0c5-4a0d-40e9-a516-35bb1c7c1f32" Title="Stats Class" Url="html/T_IntervalApp_MainUserControls_Stats.htm">
      <HelpTOCNode Title="Stats Constructor " Url="html/M_IntervalApp_MainUserControls_Stats__ctor.htm" />
      <HelpTOCNode Id="879b9e20-f4bd-41b0-9514-0556f259935c" Title="Stats Properties" Url="html/Properties_T_IntervalApp_MainUserControls_Stats.htm">
        <HelpTOCNode Title="QueryCollection Property " Url="html/P_IntervalApp_MainUserControls_Stats_QueryCollection.htm" />
        <HelpTOCNode Title="SelectedQuery Property " Url="html/P_IntervalApp_MainUserControls_Stats_SelectedQuery.htm" />
        <HelpTOCNode Title="SelectedQueryCollection Property " Url="html/P_IntervalApp_MainUserControls_Stats_SelectedQueryCollection.htm" />
      </HelpTOCNode>
      <HelpTOCNode Id="b669a1dd-ebca-49ce-b56b-a3bc34e1beff" Title="Stats Methods" Url="html/Methods_T_IntervalApp_MainUserControls_Stats.htm">
        <HelpTOCNode Title="InitializeComponent Method " Url="html/M_IntervalApp_MainUserControls_Stats_InitializeComponent.htm" />
      </HelpTOCNode>
      <HelpTOCNode Title="Stats Events" Url="html/Events_T_IntervalApp_MainUserControls_Stats.htm" />
      <HelpTOCNode Id="f4372228-1cce-4bfd-87eb-070c4969cf39" Title="Stats Fields" Url="html/Fields_T_IntervalApp_MainUserControls_Stats.htm">
        <HelpTOCNode Title="selectedStat Field" Url="html/F_IntervalApp_MainUserControls_Stats_selectedStat.htm" />
      </HelpTOCNode>
    </HelpTOCNode>
    <HelpTOCNode Id="06dabd05-ba4b-4a36-9d62-0040f3c8fed6" Title="TableSheet Class" Url="html/T_IntervalApp_MainUserControls_TableSheet.htm">
      <HelpTOCNode Title="TableSheet Constructor " Url="html/M_IntervalApp_MainUserControls_TableSheet__ctor.htm" />
      <HelpTOCNode Title="TableSheet Properties" Url="html/Properties_T_IntervalApp_MainUserControls_TableSheet.htm" />
      <HelpTOCNode Id="a7b69ec7-c6a9-4557-8876-8c365adbdf84" Title="TableSheet Methods" Url="html/Methods_T_IntervalApp_MainUserControls_TableSheet.htm">
        <HelpTOCNode Title="columnList Method " Url="html/M_IntervalApp_MainUserControls_TableSheet_columnList.htm" />
        <HelpTOCNode Title="InitializeComponent Method " Url="html/M_IntervalApp_MainUserControls_TableSheet_InitializeComponent.htm" />
        <HelpTOCNode Title="populateListView Method " Url="html/M_IntervalApp_MainUserControls_TableSheet_populateListView.htm" />
      </HelpTOCNode>
      <HelpTOCNode Title="TableSheet Events" Url="html/Events_T_IntervalApp_MainUserControls_TableSheet.htm" />
    </HelpTOCNode>
  </HelpTOCNode>
  <HelpTOCNode Id="7c215dad-cb44-4667-a81d-31fae18ac356" Title="IntervalApp.MainUserControls.ProjectManagement" Url="html/N_IntervalApp_MainUserControls_ProjectManagement.htm">
    <HelpTOCNode Id="f5d2f500-5645-42b3-84e4-bac2d782ae07" Title="NewProjectPage Class" Url="html/T_IntervalApp_MainUserControls_ProjectManagement_NewProjectPage.htm">
      <HelpTOCNode Title="NewProjectPage Constructor " Url="html/M_IntervalApp_MainUserControls_ProjectManagement_NewProjectPage__ctor.htm" />
      <HelpTOCNode Title="NewProjectPage Properties" Url="html/Properties_T_IntervalApp_MainUserControls_ProjectManagement_NewProjectPage.htm" />
      <HelpTOCNode Id="607b959b-f06c-46e8-9f65-94df042ec107" Title="NewProjectPage Methods" Url="html/Methods_T_IntervalApp_MainUserControls_ProjectManagement_NewProjectPage.htm">
        <HelpTOCNode Title="InitializeComponent Method " Url="html/M_IntervalApp_MainUserControls_ProjectManagement_NewProjectPage_InitializeComponent.htm" />
      </HelpTOCNode>
      <HelpTOCNode Title="NewProjectPage Events" Url="html/Events_T_IntervalApp_MainUserControls_ProjectManagement_NewProjectPage.htm" />
    </HelpTOCNode>
    <HelpTOCNode Id="a8052f4f-cd59-46dc-b8ec-f214855bc8a5" Title="OpenProjectPage Class" Url="html/T_IntervalApp_MainUserControls_ProjectManagement_OpenProjectPage.htm">
      <HelpTOCNode Title="OpenProjectPage Constructor " Url="html/M_IntervalApp_MainUserControls_ProjectManagement_OpenProjectPage__ctor.htm" />
      <HelpTOCNode Title="OpenProjectPage Properties" Url="html/Properties_T_IntervalApp_MainUserControls_ProjectManagement_OpenProjectPage.htm" />
      <HelpTOCNode Id="86d0699a-207b-4032-9420-025af51387b0" Title="OpenProjectPage Methods" Url="html/Methods_T_IntervalApp_MainUserControls_ProjectManagement_OpenProjectPage.htm">
        <HelpTOCNode Title="InitializeComponent Method " Url="html/M_IntervalApp_MainUserControls_ProjectManagement_OpenProjectPage_InitializeComponent.htm" />
      </HelpTOCNode>
      <HelpTOCNode Title="OpenProjectPage Events" Url="html/Events_T_IntervalApp_MainUserControls_ProjectManagement_OpenProjectPage.htm" />
    </HelpTOCNode>
  </HelpTOCNode>
  <HelpTOCNode Id="8aa4026d-4d1e-4a95-9f89-fd3d97b707e5" Title="IntervalApp.PlotViewModel" Url="html/N_IntervalApp_PlotViewModel.htm">
    <HelpTOCNode Id="b15a2db7-da88-4170-823d-af17fe731ea1" Title="MainViewModel Class" Url="html/T_IntervalApp_PlotViewModel_MainViewModel.htm">
      <HelpTOCNode Title="MainViewModel Constructor " Url="html/M_IntervalApp_PlotViewModel_MainViewModel__ctor.htm" />
      <HelpTOCNode Id="69491cab-0985-4d26-abf7-1a733c31e1a3" Title="MainViewModel Properties" Url="html/Properties_T_IntervalApp_PlotViewModel_MainViewModel.htm">
        <HelpTOCNode Title="Model Property " Url="html/P_IntervalApp_PlotViewModel_MainViewModel_Model.htm" />
      </HelpTOCNode>
      <HelpTOCNode Id="2df5ca0f-46be-4486-b8ed-4c12af5cdbd9" Title="MainViewModel Methods" Url="html/Methods_T_IntervalApp_PlotViewModel_MainViewModel.htm">
        <HelpTOCNode Title="Plot_2_Column Method " Url="html/M_IntervalApp_PlotViewModel_MainViewModel_Plot_2_Column.htm" />
      </HelpTOCNode>
    </HelpTOCNode>
    <HelpTOCNode Id="3f818412-7dd3-42b2-99fb-6dc0ed3c1045" Title="PlotWindow Class" Url="html/T_IntervalApp_PlotViewModel_PlotWindow.htm">
      <HelpTOCNode Title="PlotWindow Constructor " Url="html/M_IntervalApp_PlotViewModel_PlotWindow__ctor.htm" />
      <HelpTOCNode Title="PlotWindow Properties" Url="html/Properties_T_IntervalApp_PlotViewModel_PlotWindow.htm" />
      <HelpTOCNode Id="6b5892e6-968a-4432-9b58-42deb68444ee" Title="PlotWindow Methods" Url="html/Methods_T_IntervalApp_PlotViewModel_PlotWindow.htm">
        <HelpTOCNode Title="InitializeComponent Method " Url="html/M_IntervalApp_PlotViewModel_PlotWindow_InitializeComponent.htm" />
      </HelpTOCNode>
      <HelpTOCNode Title="PlotWindow Events" Url="html/Events_T_IntervalApp_PlotViewModel_PlotWindow.htm" />
      <HelpTOCNode Id="aa7edaa2-f3e4-4edf-938a-9ccfb1c72182" Title="PlotWindow Fields" Url="html/Fields_T_IntervalApp_PlotViewModel_PlotWindow.htm">
        <HelpTOCNode Title="selectedStat Field" Url="html/F_IntervalApp_PlotViewModel_PlotWindow_selectedStat.htm" />
      </HelpTOCNode>
    </HelpTOCNode>
  </HelpTOCNode>
  <HelpTOCNode Id="4f86fa83-2abd-4bf0-8c75-60f6f6a93f1c" Title="IntervalApp.Switchable" Url="html/N_IntervalApp_Switchable.htm">
    <HelpTOCNode Id="36a7c5bf-b658-4a41-83e0-2f846b9d3ed8" Title="Switcher Class" Url="html/T_IntervalApp_Switchable_Switcher.htm">
      <HelpTOCNode Id="7c0e9210-e956-46fe-9d64-096128698d38" Title="Switcher Methods" Url="html/Methods_T_IntervalApp_Switchable_Switcher.htm">
        <HelpTOCNode Id="ba088f6c-fa3c-444e-a84a-1897fe0ff35d" Title="Switch Method " Url="html/Overload_IntervalApp_Switchable_Switcher_Switch.htm">
          <HelpTOCNode Title="Switch Method (UserControl)" Url="html/M_IntervalApp_Switchable_Switcher_Switch.htm" />
          <HelpTOCNode Title="Switch Method (UserControl, Object)" Url="html/M_IntervalApp_Switchable_Switcher_Switch_1.htm" />
        </HelpTOCNode>
      </HelpTOCNode>
      <HelpTOCNode Id="3c54633e-652f-441f-b048-7725e2b9dde7" Title="Switcher Fields" Url="html/Fields_T_IntervalApp_Switchable_Switcher.htm">
        <HelpTOCNode Title="pageSwitcher Field" Url="html/F_IntervalApp_Switchable_Switcher_pageSwitcher.htm" />
      </HelpTOCNode>
    </HelpTOCNode>
  </HelpTOCNode>
  <HelpTOCNode Id="68edbb28-e547-4d69-bb0c-d7f0b1e4d1d8" Title="XamlGeneratedNamespace" Url="html/N_XamlGeneratedNamespace.htm">
    <HelpTOCNode Id="b34c0840-ab93-4e6c-9da5-1339271011f5" Title="GeneratedInternalTypeHelper Class" Url="html/T_XamlGeneratedNamespace_GeneratedInternalTypeHelper.htm">
      <HelpTOCNode Title="GeneratedInternalTypeHelper Constructor " Url="html/M_XamlGeneratedNamespace_GeneratedInternalTypeHelper__ctor.htm" />
      <HelpTOCNode Title="GeneratedInternalTypeHelper Methods" Url="html/Methods_T_XamlGeneratedNamespace_GeneratedInternalTypeHelper.htm" />
    </HelpTOCNode>
  </HelpTOCNode>
</HelpTOC>
