﻿<?xml version="1.0" encoding="utf-8"?>
<HelpTOC>

  <HelpTOCNode Id="21531b50-2b74-4207-8622-dfa9ebc1a128" Title="ConnDBlib" Url="html/N_ConnDBlib.htm">
    <HelpTOCNode Id="6e9cadf2-76f7-49e0-a038-cacb2ffd741b" Title="Connection Class" Url="html/T_ConnDBlib_Connection.htm">
      <HelpTOCNode Id="e7909e48-cd41-4f7a-9f2c-35d82cc384d9" Title="Connection Methods" Url="html/Methods_T_ConnDBlib_Connection.htm">
        <HelpTOCNode Title="add_table Method " Url="html/M_ConnDBlib_Connection_add_table.htm" />
        <HelpTOCNode Title="Close Method " Url="html/M_ConnDBlib_Connection_Close.htm" />
        <HelpTOCNode Title="ExecuteDataSet Method " Url="html/M_ConnDBlib_Connection_ExecuteDataSet.htm" />
        <HelpTOCNode Title="ExecuteNonQuery Method " Url="html/M_ConnDBlib_Connection_ExecuteNonQuery.htm" />
        <HelpTOCNode Title="ExecuteReader Method " Url="html/M_ConnDBlib_Connection_ExecuteReader.htm" />
        <HelpTOCNode Title="GetString Method " Url="html/M_ConnDBlib_Connection_GetString.htm" />
        <HelpTOCNode Title="insert_row Method " Url="html/M_ConnDBlib_Connection_insert_row.htm" />
        <HelpTOCNode Title="Open Method " Url="html/M_ConnDBlib_Connection_Open.htm" />
      </HelpTOCNode>
    </HelpTOCNode>
    <HelpTOCNode Id="76f5b4f1-5299-41bf-89cf-f30d1d13327a" Title="DimensionHandler Class" Url="html/T_ConnDBlib_DimensionHandler.htm">
      <HelpTOCNode Id="8c94f1c1-9798-4b4d-a7fe-d52e76031f77" Title="DimensionHandler Methods" Url="html/Methods_T_ConnDBlib_DimensionHandler.htm">
        <HelpTOCNode Title="addDimension Method " Url="html/M_ConnDBlib_DimensionHandler_addDimension.htm" />
        <HelpTOCNode Title="dropDimension Method " Url="html/M_ConnDBlib_DimensionHandler_dropDimension.htm" />
        <HelpTOCNode Title="getDimensionColumns Method " Url="html/M_ConnDBlib_DimensionHandler_getDimensionColumns.htm" />
        <HelpTOCNode Title="getDimensions Method " Url="html/M_ConnDBlib_DimensionHandler_getDimensions.htm" />
      </HelpTOCNode>
    </HelpTOCNode>
    <HelpTOCNode Id="a3a3cdb9-66ea-4492-acc1-fe0ebdba32e8" Title="FactHandler Class" Url="html/T_ConnDBlib_FactHandler.htm">
      <HelpTOCNode Id="6aaeaefc-d36b-4baa-ae3f-36c57f1a6390" Title="FactHandler Methods" Url="html/Methods_T_ConnDBlib_FactHandler.htm">
        <HelpTOCNode Title="addFact Method " Url="html/M_ConnDBlib_FactHandler_addFact.htm" />
        <HelpTOCNode Title="dropFact Method " Url="html/M_ConnDBlib_FactHandler_dropFact.htm" />
        <HelpTOCNode Title="getFactColumns Method " Url="html/M_ConnDBlib_FactHandler_getFactColumns.htm" />
        <HelpTOCNode Title="getFacts Method " Url="html/M_ConnDBlib_FactHandler_getFacts.htm" />
      </HelpTOCNode>
    </HelpTOCNode>
    <HelpTOCNode Id="ba787cf3-ad7d-4ec4-96f6-5919bb8664df" Title="FunctionHandler Class" Url="html/T_ConnDBlib_FunctionHandler.htm">
      <HelpTOCNode Id="f31e6c4c-063e-4e9d-abf2-bb5936d1a9b4" Title="FunctionHandler Methods" Url="html/Methods_T_ConnDBlib_FunctionHandler.htm">
        <HelpTOCNode Title="addFunction Method " Url="html/M_ConnDBlib_FunctionHandler_addFunction.htm" />
        <HelpTOCNode Title="checkFunctionExist Method " Url="html/M_ConnDBlib_FunctionHandler_checkFunctionExist.htm" />
        <HelpTOCNode Title="dropFunction Method " Url="html/M_ConnDBlib_FunctionHandler_dropFunction.htm" />
        <HelpTOCNode Title="getFirstHundredFunction Method " Url="html/M_ConnDBlib_FunctionHandler_getFirstHundredFunction.htm" />
        <HelpTOCNode Title="getFunctionColumns Method " Url="html/M_ConnDBlib_FunctionHandler_getFunctionColumns.htm" />
        <HelpTOCNode Title="getFunctions Method " Url="html/M_ConnDBlib_FunctionHandler_getFunctions.htm" />
        <HelpTOCNode Title="makeQueryAddFunction Method " Url="html/M_ConnDBlib_FunctionHandler_makeQueryAddFunction.htm" />
      </HelpTOCNode>
    </HelpTOCNode>
    <HelpTOCNode Id="0d551bc4-5237-4adc-bd27-c2da80de34df" Title="HierarchyHandler Class" Url="html/T_ConnDBlib_HierarchyHandler.htm">
      <HelpTOCNode Id="5fa634ab-33a9-4c20-a14d-0851bdc414da" Title="HierarchyHandler Methods" Url="html/Methods_T_ConnDBlib_HierarchyHandler.htm">
        <HelpTOCNode Title="addForeignKey Method " Url="html/M_ConnDBlib_HierarchyHandler_addForeignKey.htm" />
        <HelpTOCNode Title="alu Method " Url="html/M_ConnDBlib_HierarchyHandler_alu.htm" />
        <HelpTOCNode Title="dropConstraint Method " Url="html/M_ConnDBlib_HierarchyHandler_dropConstraint.htm" />
        <HelpTOCNode Title="getConstraints Method " Url="html/M_ConnDBlib_HierarchyHandler_getConstraints.htm" />
      </HelpTOCNode>
    </HelpTOCNode>
    <HelpTOCNode Id="dde8b461-f25d-4650-b199-41a11f7e273a" Title="ProjectHandler Class" Url="html/T_ConnDBlib_ProjectHandler.htm">
      <HelpTOCNode Id="3165fddb-8cb6-46ad-820a-90c2244c138e" Title="ProjectHandler Methods" Url="html/Methods_T_ConnDBlib_ProjectHandler.htm">
        <HelpTOCNode Title="newProject Method " Url="html/M_ConnDBlib_ProjectHandler_newProject.htm" />
      </HelpTOCNode>
    </HelpTOCNode>
  </HelpTOCNode>
  <HelpTOCNode Id="caf228fe-8c57-486d-9b13-10419e363345" Title="ImportData" Url="html/N_ImportData.htm">
    <HelpTOCNode Id="0d57240a-b5e8-4dd5-8a66-0899de19d2df" Title="ImportCSV Class" Url="html/T_ImportData_ImportCSV.htm">
      <HelpTOCNode Id="ef30b2c1-36d3-41c5-ac09-ad84392debcd" Title="ImportCSV Methods" Url="html/Methods_T_ImportData_ImportCSV.htm">
        <HelpTOCNode Title="importTable Method " Url="html/M_ImportData_ImportCSV_importTable.htm" />
      </HelpTOCNode>
    </HelpTOCNode>
  </HelpTOCNode>
  <HelpTOCNode Id="0116d548-1226-4cc8-8835-f80ca5e38458" Title="IntervalApp" Url="html/N_IntervalApp.htm">
    <HelpTOCNode Id="99ec3c42-e395-4a86-9af2-f1ee21fd11dc" Title="App Class" Url="html/T_IntervalApp_App.htm">
      <HelpTOCNode Title="App Constructor " Url="html/M_IntervalApp_App__ctor.htm" />
      <HelpTOCNode Title="App Properties" Url="html/Properties_T_IntervalApp_App.htm" />
      <HelpTOCNode Id="aa409ecf-6257-4cff-8e76-8e89e55ae5ae" Title="App Methods" Url="html/Methods_T_IntervalApp_App.htm">
        <HelpTOCNode Title="InitializeComponent Method " Url="html/M_IntervalApp_App_InitializeComponent.htm" />
        <HelpTOCNode Title="Main Method " Url="html/M_IntervalApp_App_Main.htm" />
      </HelpTOCNode>
      <HelpTOCNode Title="App Events" Url="html/Events_T_IntervalApp_App.htm" />
    </HelpTOCNode>
    <HelpTOCNode Id="26b74fe5-84e7-4ffb-8cc5-1979740b92de" Title="MainWindow Class" Url="html/T_IntervalApp_MainWindow.htm">
      <HelpTOCNode Title="MainWindow Constructor " Url="html/M_IntervalApp_MainWindow__ctor.htm" />
      <HelpTOCNode Title="MainWindow Properties" Url="html/Properties_T_IntervalApp_MainWindow.htm" />
      <HelpTOCNode Id="0462ad4b-2139-4d6c-85b8-7d92ea0dc8fa" Title="MainWindow Methods" Url="html/Methods_T_IntervalApp_MainWindow.htm">
        <HelpTOCNode Title="InitializeComponent Method " Url="html/M_IntervalApp_MainWindow_InitializeComponent.htm" />
        <HelpTOCNode Id="871332ff-530d-42aa-8897-377472e13b13" Title="Navigate Method " Url="html/Overload_IntervalApp_MainWindow_Navigate.htm">
          <HelpTOCNode Title="Navigate Method (UserControl)" Url="html/M_IntervalApp_MainWindow_Navigate.htm" />
          <HelpTOCNode Title="Navigate Method (UserControl, Object)" Url="html/M_IntervalApp_MainWindow_Navigate_1.htm" />
        </HelpTOCNode>
      </HelpTOCNode>
      <HelpTOCNode Title="MainWindow Events" Url="html/Events_T_IntervalApp_MainWindow.htm" />
    </HelpTOCNode>
  </HelpTOCNode>
  <HelpTOCNode Id="1d772681-aa5a-4f73-803c-106b20bd3d62" Title="IntervalApp.AccessoryUserControls" Url="html/N_IntervalApp_AccessoryUserControls.htm">
    <HelpTOCNode Id="b31d8962-f196-44a0-aa56-94e53b0204e8" Title="ColumnBar Class" Url="html/T_IntervalApp_AccessoryUserControls_ColumnBar.htm">
      <HelpTOCNode Title="ColumnBar Constructor " Url="html/M_IntervalApp_AccessoryUserControls_ColumnBar__ctor.htm" />
      <HelpTOCNode Title="ColumnBar Properties" Url="html/Properties_T_IntervalApp_AccessoryUserControls_ColumnBar.htm" />
      <HelpTOCNode Id="2fb6229a-47f7-4422-be74-73c42b49fbc3" Title="ColumnBar Methods" Url="html/Methods_T_IntervalApp_AccessoryUserControls_ColumnBar.htm">
        <HelpTOCNode Title="InitializeComponent Method " Url="html/M_IntervalApp_AccessoryUserControls_ColumnBar_InitializeComponent.htm" />
      </HelpTOCNode>
      <HelpTOCNode Title="ColumnBar Events" Url="html/Events_T_IntervalApp_AccessoryUserControls_ColumnBar.htm" />
    </HelpTOCNode>
  </HelpTOCNode>
  <HelpTOCNode Id="8f70aef4-c894-4f88-a2ed-d708ac983359" Title="IntervalApp.DatabaseConn" Url="html/N_IntervalApp_DatabaseConn.htm">
    <HelpTOCNode Id="cc854d91-4559-4ebd-92fa-5fa093152627" Title="Connection Class" Url="html/T_IntervalApp_DatabaseConn_Connection.htm">
      <HelpTOCNode Title="Connection Constructor " Url="html/M_IntervalApp_DatabaseConn_Connection__ctor.htm" />
      <HelpTOCNode Id="2b4795fc-b78a-407e-813b-d3418bda9249" Title="Connection Methods" Url="html/Methods_T_IntervalApp_DatabaseConn_Connection.htm">
        <HelpTOCNode Title="add_table Method " Url="html/M_IntervalApp_DatabaseConn_Connection_add_table.htm" />
        <HelpTOCNode Title="Close Method " Url="html/M_IntervalApp_DatabaseConn_Connection_Close.htm" />
        <HelpTOCNode Title="ExecuteDataSet Method " Url="html/M_IntervalApp_DatabaseConn_Connection_ExecuteDataSet.htm" />
        <HelpTOCNode Title="ExecuteNonQuery Method " Url="html/M_IntervalApp_DatabaseConn_Connection_ExecuteNonQuery.htm" />
        <HelpTOCNode Title="ExecuteReader Method " Url="html/M_IntervalApp_DatabaseConn_Connection_ExecuteReader.htm" />
        <HelpTOCNode Title="GetString Method " Url="html/M_IntervalApp_DatabaseConn_Connection_GetString.htm" />
        <HelpTOCNode Title="insert_project Method " Url="html/M_IntervalApp_DatabaseConn_Connection_insert_project.htm" />
        <HelpTOCNode Title="Open Method " Url="html/M_IntervalApp_DatabaseConn_Connection_Open.htm" />
      </HelpTOCNode>
    </HelpTOCNode>
  </HelpTOCNode>
  <HelpTOCNode Id="3e67fea2-3461-466f-8586-3b006e3086b4" Title="IntervalApp.MainUserControls" Url="html/N_IntervalApp_MainUserControls.htm">
    <HelpTOCNode Id="6511056a-887a-4d3c-873b-bbf0a1f0ea56" Title="CreateDimensions Class" Url="html/T_IntervalApp_MainUserControls_CreateDimensions.htm">
      <HelpTOCNode Id="4fbcd938-65cf-45ba-868b-e79659ccb228" Title="CreateDimensions Constructor " Url="html/Overload_IntervalApp_MainUserControls_CreateDimensions__ctor.htm">
        <HelpTOCNode Title="CreateDimensions Constructor " Url="html/M_IntervalApp_MainUserControls_CreateDimensions__ctor.htm" />
        <HelpTOCNode Title="CreateDimensions Constructor (String)" Url="html/M_IntervalApp_MainUserControls_CreateDimensions__ctor_1.htm" />
      </HelpTOCNode>
      <HelpTOCNode Title="CreateDimensions Properties" Url="html/Properties_T_IntervalApp_MainUserControls_CreateDimensions.htm" />
      <HelpTOCNode Id="6c465250-6a32-4006-8914-5e0557030529" Title="CreateDimensions Methods" Url="html/Methods_T_IntervalApp_MainUserControls_CreateDimensions.htm">
        <HelpTOCNode Title="InitializeComponent Method " Url="html/M_IntervalApp_MainUserControls_CreateDimensions_InitializeComponent.htm" />
      </HelpTOCNode>
      <HelpTOCNode Title="CreateDimensions Events" Url="html/Events_T_IntervalApp_MainUserControls_CreateDimensions.htm" />
    </HelpTOCNode>
    <HelpTOCNode Id="f23224d3-0048-4b58-9985-a05de9c4fc8e" Title="CreateFacts Class" Url="html/T_IntervalApp_MainUserControls_CreateFacts.htm">
      <HelpTOCNode Id="948183f5-81da-4a65-b0e1-8846a1c3f4b7" Title="CreateFacts Constructor " Url="html/Overload_IntervalApp_MainUserControls_CreateFacts__ctor.htm">
        <HelpTOCNode Title="CreateFacts Constructor " Url="html/M_IntervalApp_MainUserControls_CreateFacts__ctor.htm" />
        <HelpTOCNode Title="CreateFacts Constructor (String)" Url="html/M_IntervalApp_MainUserControls_CreateFacts__ctor_1.htm" />
      </HelpTOCNode>
      <HelpTOCNode Title="CreateFacts Properties" Url="html/Properties_T_IntervalApp_MainUserControls_CreateFacts.htm" />
      <HelpTOCNode Id="ecff803f-8867-40fb-98e5-fd5c01c059fb" Title="CreateFacts Methods" Url="html/Methods_T_IntervalApp_MainUserControls_CreateFacts.htm">
        <HelpTOCNode Title="InitializeComponent Method " Url="html/M_IntervalApp_MainUserControls_CreateFacts_InitializeComponent.htm" />
      </HelpTOCNode>
      <HelpTOCNode Title="CreateFacts Events" Url="html/Events_T_IntervalApp_MainUserControls_CreateFacts.htm" />
    </HelpTOCNode>
    <HelpTOCNode Id="bb698e80-c788-4227-a5ed-d736764a4a83" Title="CreateFunctionTable Class" Url="html/T_IntervalApp_MainUserControls_CreateFunctionTable.htm">
      <HelpTOCNode Title="CreateFunctionTable Constructor " Url="html/M_IntervalApp_MainUserControls_CreateFunctionTable__ctor.htm" />
      <HelpTOCNode Title="CreateFunctionTable Properties" Url="html/Properties_T_IntervalApp_MainUserControls_CreateFunctionTable.htm" />
      <HelpTOCNode Id="ecd5eb9d-94e0-474e-b582-f2ffc125546f" Title="CreateFunctionTable Methods" Url="html/Methods_T_IntervalApp_MainUserControls_CreateFunctionTable.htm">
        <HelpTOCNode Title="InitializeComponent Method " Url="html/M_IntervalApp_MainUserControls_CreateFunctionTable_InitializeComponent.htm" />
      </HelpTOCNode>
      <HelpTOCNode Title="CreateFunctionTable Events" Url="html/Events_T_IntervalApp_MainUserControls_CreateFunctionTable.htm" />
    </HelpTOCNode>
    <HelpTOCNode Id="1569e292-b478-4a5a-8184-20908829b473" Title="CreateHierarchies Class" Url="html/T_IntervalApp_MainUserControls_CreateHierarchies.htm">
      <HelpTOCNode Title="CreateHierarchies Constructor " Url="html/M_IntervalApp_MainUserControls_CreateHierarchies__ctor.htm" />
      <HelpTOCNode Title="CreateHierarchies Properties" Url="html/Properties_T_IntervalApp_MainUserControls_CreateHierarchies.htm" />
      <HelpTOCNode Id="85e77225-f699-43d2-878e-e7c9d9825aca" Title="CreateHierarchies Methods" Url="html/Methods_T_IntervalApp_MainUserControls_CreateHierarchies.htm">
        <HelpTOCNode Title="columnList Method " Url="html/M_IntervalApp_MainUserControls_CreateHierarchies_columnList.htm" />
        <HelpTOCNode Title="InitializeComponent Method " Url="html/M_IntervalApp_MainUserControls_CreateHierarchies_InitializeComponent.htm" />
        <HelpTOCNode Title="populateListView Method " Url="html/M_IntervalApp_MainUserControls_CreateHierarchies_populateListView.htm" />
      </HelpTOCNode>
      <HelpTOCNode Title="CreateHierarchies Events" Url="html/Events_T_IntervalApp_MainUserControls_CreateHierarchies.htm" />
    </HelpTOCNode>
    <HelpTOCNode Id="5ea1f329-bcdf-4a77-868a-84e375527452" Title="CreateRelations Class" Url="html/T_IntervalApp_MainUserControls_CreateRelations.htm">
      <HelpTOCNode Title="CreateRelations Constructor " Url="html/M_IntervalApp_MainUserControls_CreateRelations__ctor.htm" />
      <HelpTOCNode Title="CreateRelations Properties" Url="html/Properties_T_IntervalApp_MainUserControls_CreateRelations.htm" />
      <HelpTOCNode Id="939befe2-4825-47eb-a127-6095c570113a" Title="CreateRelations Methods" Url="html/Methods_T_IntervalApp_MainUserControls_CreateRelations.htm">
        <HelpTOCNode Title="columnList Method " Url="html/M_IntervalApp_MainUserControls_CreateRelations_columnList.htm" />
        <HelpTOCNode Title="InitializeComponent Method " Url="html/M_IntervalApp_MainUserControls_CreateRelations_InitializeComponent.htm" />
        <HelpTOCNode Title="populateListView Method " Url="html/M_IntervalApp_MainUserControls_CreateRelations_populateListView.htm" />
      </HelpTOCNode>
      <HelpTOCNode Title="CreateRelations Events" Url="html/Events_T_IntervalApp_MainUserControls_CreateRelations.htm" />
    </HelpTOCNode>
    <HelpTOCNode Id="c9ac6ffc-282c-4730-888f-517cf9819047" Title="Dimensions Class" Url="html/T_IntervalApp_MainUserControls_Dimensions.htm">
      <HelpTOCNode Title="Dimensions Constructor " Url="html/M_IntervalApp_MainUserControls_Dimensions__ctor.htm" />
      <HelpTOCNode Title="Dimensions Properties" Url="html/Properties_T_IntervalApp_MainUserControls_Dimensions.htm" />
      <HelpTOCNode Id="f32d6dcc-c131-45e6-92ef-4c235200df75" Title="Dimensions Methods" Url="html/Methods_T_IntervalApp_MainUserControls_Dimensions.htm">
        <HelpTOCNode Title="InitializeComponent Method " Url="html/M_IntervalApp_MainUserControls_Dimensions_InitializeComponent.htm" />
      </HelpTOCNode>
      <HelpTOCNode Title="Dimensions Events" Url="html/Events_T_IntervalApp_MainUserControls_Dimensions.htm" />
    </HelpTOCNode>
    <HelpTOCNode Id="ff41afd6-94a5-4376-9819-01758c6435f4" Title="Facts Class" Url="html/T_IntervalApp_MainUserControls_Facts.htm">
      <HelpTOCNode Title="Facts Constructor " Url="html/M_IntervalApp_MainUserControls_Facts__ctor.htm" />
      <HelpTOCNode Title="Facts Properties" Url="html/Properties_T_IntervalApp_MainUserControls_Facts.htm" />
      <HelpTOCNode Id="6b8bcc73-4825-4746-a468-d501fa8c8687" Title="Facts Methods" Url="html/Methods_T_IntervalApp_MainUserControls_Facts.htm">
        <HelpTOCNode Title="InitializeComponent Method " Url="html/M_IntervalApp_MainUserControls_Facts_InitializeComponent.htm" />
      </HelpTOCNode>
      <HelpTOCNode Title="Facts Events" Url="html/Events_T_IntervalApp_MainUserControls_Facts.htm" />
    </HelpTOCNode>
    <HelpTOCNode Id="86ac6437-8e05-45c4-9c66-97ab94574c0a" Title="FunctionTables Class" Url="html/T_IntervalApp_MainUserControls_FunctionTables.htm">
      <HelpTOCNode Title="FunctionTables Constructor " Url="html/M_IntervalApp_MainUserControls_FunctionTables__ctor.htm" />
      <HelpTOCNode Title="FunctionTables Properties" Url="html/Properties_T_IntervalApp_MainUserControls_FunctionTables.htm" />
      <HelpTOCNode Id="c3abf264-1457-4fac-b545-b3fedd588e3f" Title="FunctionTables Methods" Url="html/Methods_T_IntervalApp_MainUserControls_FunctionTables.htm">
        <HelpTOCNode Title="InitializeComponent Method " Url="html/M_IntervalApp_MainUserControls_FunctionTables_InitializeComponent.htm" />
      </HelpTOCNode>
      <HelpTOCNode Title="FunctionTables Events" Url="html/Events_T_IntervalApp_MainUserControls_FunctionTables.htm" />
    </HelpTOCNode>
    <HelpTOCNode Id="b1415eb8-df9c-4c5a-9d1b-2f93737d4ec0" Title="Hierarchies Class" Url="html/T_IntervalApp_MainUserControls_Hierarchies.htm">
      <HelpTOCNode Title="Hierarchies Constructor " Url="html/M_IntervalApp_MainUserControls_Hierarchies__ctor.htm" />
      <HelpTOCNode Title="Hierarchies Properties" Url="html/Properties_T_IntervalApp_MainUserControls_Hierarchies.htm" />
      <HelpTOCNode Id="e47bb425-d0f7-4bd6-b39e-6c3b236faeb0" Title="Hierarchies Methods" Url="html/Methods_T_IntervalApp_MainUserControls_Hierarchies.htm">
        <HelpTOCNode Title="InitializeComponent Method " Url="html/M_IntervalApp_MainUserControls_Hierarchies_InitializeComponent.htm" />
        <HelpTOCNode Title="populateHierarchies Method " Url="html/M_IntervalApp_MainUserControls_Hierarchies_populateHierarchies.htm" />
      </HelpTOCNode>
      <HelpTOCNode Title="Hierarchies Events" Url="html/Events_T_IntervalApp_MainUserControls_Hierarchies.htm" />
    </HelpTOCNode>
    <HelpTOCNode Id="eeb1dd35-4a5a-49b8-b882-2746022029c8" Title="Import Class" Url="html/T_IntervalApp_MainUserControls_Import.htm">
      <HelpTOCNode Title="Import Constructor " Url="html/M_IntervalApp_MainUserControls_Import__ctor.htm" />
      <HelpTOCNode Title="Import Properties" Url="html/Properties_T_IntervalApp_MainUserControls_Import.htm" />
      <HelpTOCNode Id="b8c8eb92-830d-455c-85ca-04f4ecc47d36" Title="Import Methods" Url="html/Methods_T_IntervalApp_MainUserControls_Import.htm">
        <HelpTOCNode Title="InitializeComponent Method " Url="html/M_IntervalApp_MainUserControls_Import_InitializeComponent.htm" />
      </HelpTOCNode>
      <HelpTOCNode Title="Import Events" Url="html/Events_T_IntervalApp_MainUserControls_Import.htm" />
    </HelpTOCNode>
    <HelpTOCNode Id="e33913c8-a020-4c38-bfd6-5b0436a2c2fa" Title="MainMenu Class" Url="html/T_IntervalApp_MainUserControls_MainMenu.htm">
      <HelpTOCNode Title="MainMenu Constructor " Url="html/M_IntervalApp_MainUserControls_MainMenu__ctor.htm" />
      <HelpTOCNode Title="MainMenu Properties" Url="html/Properties_T_IntervalApp_MainUserControls_MainMenu.htm" />
      <HelpTOCNode Id="a819b94b-5716-4595-834a-d2f5060d909b" Title="MainMenu Methods" Url="html/Methods_T_IntervalApp_MainUserControls_MainMenu.htm">
        <HelpTOCNode Title="InitializeComponent Method " Url="html/M_IntervalApp_MainUserControls_MainMenu_InitializeComponent.htm" />
      </HelpTOCNode>
      <HelpTOCNode Title="MainMenu Events" Url="html/Events_T_IntervalApp_MainUserControls_MainMenu.htm" />
    </HelpTOCNode>
    <HelpTOCNode Id="269db07a-4380-4306-9c5d-14fc5bd7fb9c" Title="ProjectPage Class" Url="html/T_IntervalApp_MainUserControls_ProjectPage.htm">
      <HelpTOCNode Id="555ad939-ae9c-4d68-af31-f689ef7b6668" Title="ProjectPage Constructor " Url="html/Overload_IntervalApp_MainUserControls_ProjectPage__ctor.htm">
        <HelpTOCNode Title="ProjectPage Constructor " Url="html/M_IntervalApp_MainUserControls_ProjectPage__ctor.htm" />
        <HelpTOCNode Title="ProjectPage Constructor (Int32)" Url="html/M_IntervalApp_MainUserControls_ProjectPage__ctor_1.htm" />
      </HelpTOCNode>
      <HelpTOCNode Title="ProjectPage Properties" Url="html/Properties_T_IntervalApp_MainUserControls_ProjectPage.htm" />
      <HelpTOCNode Id="019811cc-41ff-4a9d-a3f7-83f111d5dc7d" Title="ProjectPage Methods" Url="html/Methods_T_IntervalApp_MainUserControls_ProjectPage.htm">
        <HelpTOCNode Title="InitializeComponent Method " Url="html/M_IntervalApp_MainUserControls_ProjectPage_InitializeComponent.htm" />
      </HelpTOCNode>
      <HelpTOCNode Title="ProjectPage Events" Url="html/Events_T_IntervalApp_MainUserControls_ProjectPage.htm" />
    </HelpTOCNode>
    <HelpTOCNode Id="2056c4ec-17a6-45b0-bb88-363a4126be5d" Title="Query Class" Url="html/T_IntervalApp_MainUserControls_Query.htm">
      <HelpTOCNode Id="de7dcd2e-f0fc-4b2d-874f-705e5952ccb5" Title="Query Constructor " Url="html/Overload_IntervalApp_MainUserControls_Query__ctor.htm">
        <HelpTOCNode Title="Query Constructor " Url="html/M_IntervalApp_MainUserControls_Query__ctor.htm" />
        <HelpTOCNode Title="Query Constructor (String)" Url="html/M_IntervalApp_MainUserControls_Query__ctor_1.htm" />
      </HelpTOCNode>
      <HelpTOCNode Title="Query Properties" Url="html/Properties_T_IntervalApp_MainUserControls_Query.htm" />
      <HelpTOCNode Id="b920329b-23a5-46a2-9b1e-82c2cf79a070" Title="Query Methods" Url="html/Methods_T_IntervalApp_MainUserControls_Query.htm">
        <HelpTOCNode Title="InitializeComponent Method " Url="html/M_IntervalApp_MainUserControls_Query_InitializeComponent.htm" />
      </HelpTOCNode>
      <HelpTOCNode Title="Query Events" Url="html/Events_T_IntervalApp_MainUserControls_Query.htm" />
    </HelpTOCNode>
    <HelpTOCNode Id="7886b272-2736-4461-97df-e6fc20f58e18" Title="QueryResult Class" Url="html/T_IntervalApp_MainUserControls_QueryResult.htm">
      <HelpTOCNode Id="1e507436-74f4-46a5-a6f3-7eaa44eef1fc" Title="QueryResult Constructor " Url="html/Overload_IntervalApp_MainUserControls_QueryResult__ctor.htm">
        <HelpTOCNode Title="QueryResult Constructor " Url="html/M_IntervalApp_MainUserControls_QueryResult__ctor.htm" />
        <HelpTOCNode Title="QueryResult Constructor (DataSet, String)" Url="html/M_IntervalApp_MainUserControls_QueryResult__ctor_1.htm" />
      </HelpTOCNode>
      <HelpTOCNode Title="QueryResult Properties" Url="html/Properties_T_IntervalApp_MainUserControls_QueryResult.htm" />
      <HelpTOCNode Id="76f7b789-46da-4461-9435-f6356f4fba28" Title="QueryResult Methods" Url="html/Methods_T_IntervalApp_MainUserControls_QueryResult.htm">
        <HelpTOCNode Title="InitializeComponent Method " Url="html/M_IntervalApp_MainUserControls_QueryResult_InitializeComponent.htm" />
      </HelpTOCNode>
      <HelpTOCNode Title="QueryResult Events" Url="html/Events_T_IntervalApp_MainUserControls_QueryResult.htm" />
    </HelpTOCNode>
    <HelpTOCNode Id="6143ac66-7718-485d-a826-4ffd67a31a23" Title="Relations Class" Url="html/T_IntervalApp_MainUserControls_Relations.htm">
      <HelpTOCNode Title="Relations Constructor " Url="html/M_IntervalApp_MainUserControls_Relations__ctor.htm" />
      <HelpTOCNode Title="Relations Properties" Url="html/Properties_T_IntervalApp_MainUserControls_Relations.htm" />
      <HelpTOCNode Id="378cbe05-3dc3-4de7-b970-92a0b1262c28" Title="Relations Methods" Url="html/Methods_T_IntervalApp_MainUserControls_Relations.htm">
        <HelpTOCNode Title="InitializeComponent Method " Url="html/M_IntervalApp_MainUserControls_Relations_InitializeComponent.htm" />
        <HelpTOCNode Title="populateHierarchies Method " Url="html/M_IntervalApp_MainUserControls_Relations_populateHierarchies.htm" />
      </HelpTOCNode>
      <HelpTOCNode Title="Relations Events" Url="html/Events_T_IntervalApp_MainUserControls_Relations.htm" />
    </HelpTOCNode>
    <HelpTOCNode Id="86262bfc-7236-4cd6-a972-0d726464459f" Title="ShowFunction Class" Url="html/T_IntervalApp_MainUserControls_ShowFunction.htm">
      <HelpTOCNode Id="539d7c95-600d-4f8b-9828-7141c79bfcea" Title="ShowFunction Constructor " Url="html/Overload_IntervalApp_MainUserControls_ShowFunction__ctor.htm">
        <HelpTOCNode Title="ShowFunction Constructor " Url="html/M_IntervalApp_MainUserControls_ShowFunction__ctor.htm" />
        <HelpTOCNode Title="ShowFunction Constructor (String)" Url="html/M_IntervalApp_MainUserControls_ShowFunction__ctor_1.htm" />
      </HelpTOCNode>
      <HelpTOCNode Title="ShowFunction Properties" Url="html/Properties_T_IntervalApp_MainUserControls_ShowFunction.htm" />
      <HelpTOCNode Id="a0f0eedb-d9ea-4cb0-a91d-bd2f9b366b40" Title="ShowFunction Methods" Url="html/Methods_T_IntervalApp_MainUserControls_ShowFunction.htm">
        <HelpTOCNode Title="InitializeComponent Method " Url="html/M_IntervalApp_MainUserControls_ShowFunction_InitializeComponent.htm" />
      </HelpTOCNode>
      <HelpTOCNode Title="ShowFunction Events" Url="html/Events_T_IntervalApp_MainUserControls_ShowFunction.htm" />
    </HelpTOCNode>
    <HelpTOCNode Id="066ff09a-3334-4739-ba91-746b0d07a04b" Title="Stats Class" Url="html/T_IntervalApp_MainUserControls_Stats.htm">
      <HelpTOCNode Title="Stats Constructor " Url="html/M_IntervalApp_MainUserControls_Stats__ctor.htm" />
      <HelpTOCNode Title="Stats Properties" Url="html/Properties_T_IntervalApp_MainUserControls_Stats.htm" />
      <HelpTOCNode Id="90781dfb-d2fd-4485-97ac-0aefbe64d347" Title="Stats Methods" Url="html/Methods_T_IntervalApp_MainUserControls_Stats.htm">
        <HelpTOCNode Title="InitializeComponent Method " Url="html/M_IntervalApp_MainUserControls_Stats_InitializeComponent.htm" />
      </HelpTOCNode>
      <HelpTOCNode Title="Stats Events" Url="html/Events_T_IntervalApp_MainUserControls_Stats.htm" />
    </HelpTOCNode>
    <HelpTOCNode Id="deefad24-43bc-467d-8c8f-7a0cff552fc4" Title="TableSheet Class" Url="html/T_IntervalApp_MainUserControls_TableSheet.htm">
      <HelpTOCNode Title="TableSheet Constructor " Url="html/M_IntervalApp_MainUserControls_TableSheet__ctor.htm" />
      <HelpTOCNode Title="TableSheet Properties" Url="html/Properties_T_IntervalApp_MainUserControls_TableSheet.htm" />
      <HelpTOCNode Id="362eb8d9-12cf-4b84-ac0b-16423f57ed48" Title="TableSheet Methods" Url="html/Methods_T_IntervalApp_MainUserControls_TableSheet.htm">
        <HelpTOCNode Title="columnList Method " Url="html/M_IntervalApp_MainUserControls_TableSheet_columnList.htm" />
        <HelpTOCNode Title="InitializeComponent Method " Url="html/M_IntervalApp_MainUserControls_TableSheet_InitializeComponent.htm" />
        <HelpTOCNode Title="populateListView Method " Url="html/M_IntervalApp_MainUserControls_TableSheet_populateListView.htm" />
      </HelpTOCNode>
      <HelpTOCNode Title="TableSheet Events" Url="html/Events_T_IntervalApp_MainUserControls_TableSheet.htm" />
    </HelpTOCNode>
  </HelpTOCNode>
  <HelpTOCNode Id="63e7f10d-93ae-4b7e-ad07-b07f014b43a9" Title="IntervalApp.MainUserControls.ProjectManagement" Url="html/N_IntervalApp_MainUserControls_ProjectManagement.htm">
    <HelpTOCNode Id="ba8448e2-6c15-4072-9195-cf1b26774aa7" Title="NewProjectPage Class" Url="html/T_IntervalApp_MainUserControls_ProjectManagement_NewProjectPage.htm">
      <HelpTOCNode Title="NewProjectPage Constructor " Url="html/M_IntervalApp_MainUserControls_ProjectManagement_NewProjectPage__ctor.htm" />
      <HelpTOCNode Title="NewProjectPage Properties" Url="html/Properties_T_IntervalApp_MainUserControls_ProjectManagement_NewProjectPage.htm" />
      <HelpTOCNode Id="29659f31-0ae4-4f14-9348-20275b8d7764" Title="NewProjectPage Methods" Url="html/Methods_T_IntervalApp_MainUserControls_ProjectManagement_NewProjectPage.htm">
        <HelpTOCNode Title="InitializeComponent Method " Url="html/M_IntervalApp_MainUserControls_ProjectManagement_NewProjectPage_InitializeComponent.htm" />
      </HelpTOCNode>
      <HelpTOCNode Title="NewProjectPage Events" Url="html/Events_T_IntervalApp_MainUserControls_ProjectManagement_NewProjectPage.htm" />
    </HelpTOCNode>
    <HelpTOCNode Id="461d6ccb-f2e7-40c8-8dd4-4172851453fe" Title="OpenProjectPage Class" Url="html/T_IntervalApp_MainUserControls_ProjectManagement_OpenProjectPage.htm">
      <HelpTOCNode Title="OpenProjectPage Constructor " Url="html/M_IntervalApp_MainUserControls_ProjectManagement_OpenProjectPage__ctor.htm" />
      <HelpTOCNode Title="OpenProjectPage Properties" Url="html/Properties_T_IntervalApp_MainUserControls_ProjectManagement_OpenProjectPage.htm" />
      <HelpTOCNode Id="10498518-501d-4646-a5a6-52ae6bb1e632" Title="OpenProjectPage Methods" Url="html/Methods_T_IntervalApp_MainUserControls_ProjectManagement_OpenProjectPage.htm">
        <HelpTOCNode Title="InitializeComponent Method " Url="html/M_IntervalApp_MainUserControls_ProjectManagement_OpenProjectPage_InitializeComponent.htm" />
      </HelpTOCNode>
      <HelpTOCNode Title="OpenProjectPage Events" Url="html/Events_T_IntervalApp_MainUserControls_ProjectManagement_OpenProjectPage.htm" />
    </HelpTOCNode>
  </HelpTOCNode>
  <HelpTOCNode Id="96ed5387-56da-41ba-86f4-8577f337852a" Title="IntervalApp.PlotViewModel" Url="html/N_IntervalApp_PlotViewModel.htm">
    <HelpTOCNode Id="990a43b8-9c20-405e-ba61-e6078bb2b507" Title="MainViewModel Class" Url="html/T_IntervalApp_PlotViewModel_MainViewModel.htm">
      <HelpTOCNode Title="MainViewModel Constructor " Url="html/M_IntervalApp_PlotViewModel_MainViewModel__ctor.htm" />
      <HelpTOCNode Id="b8af42ea-1482-40dd-b2e0-0ae0ce36b31c" Title="MainViewModel Properties" Url="html/Properties_T_IntervalApp_PlotViewModel_MainViewModel.htm">
        <HelpTOCNode Title="Points Property " Url="html/P_IntervalApp_PlotViewModel_MainViewModel_Points.htm" />
        <HelpTOCNode Title="Title Property " Url="html/P_IntervalApp_PlotViewModel_MainViewModel_Title.htm" />
      </HelpTOCNode>
      <HelpTOCNode Title="MainViewModel Methods" Url="html/Methods_T_IntervalApp_PlotViewModel_MainViewModel.htm" />
    </HelpTOCNode>
    <HelpTOCNode Id="25064c58-ec03-495f-9d03-94b3316f8938" Title="PlotWindow Class" Url="html/T_IntervalApp_PlotViewModel_PlotWindow.htm">
      <HelpTOCNode Title="PlotWindow Constructor " Url="html/M_IntervalApp_PlotViewModel_PlotWindow__ctor.htm" />
      <HelpTOCNode Title="PlotWindow Properties" Url="html/Properties_T_IntervalApp_PlotViewModel_PlotWindow.htm" />
      <HelpTOCNode Id="920b9269-feaa-4007-ad42-06ad80f256f3" Title="PlotWindow Methods" Url="html/Methods_T_IntervalApp_PlotViewModel_PlotWindow.htm">
        <HelpTOCNode Title="InitializeComponent Method " Url="html/M_IntervalApp_PlotViewModel_PlotWindow_InitializeComponent.htm" />
      </HelpTOCNode>
      <HelpTOCNode Title="PlotWindow Events" Url="html/Events_T_IntervalApp_PlotViewModel_PlotWindow.htm" />
    </HelpTOCNode>
  </HelpTOCNode>
  <HelpTOCNode Id="0e00fcd1-04a2-41b8-a817-018e9d23c3b3" Title="IntervalApp.Switchable" Url="html/N_IntervalApp_Switchable.htm">
    <HelpTOCNode Id="9da517de-0334-4947-b06a-85c0f21c4c90" Title="Switcher Class" Url="html/T_IntervalApp_Switchable_Switcher.htm">
      <HelpTOCNode Id="fcfc45c0-ac43-4683-9af9-f65aa5c60cf2" Title="Switcher Methods" Url="html/Methods_T_IntervalApp_Switchable_Switcher.htm">
        <HelpTOCNode Id="2e29edfa-e4e5-4b26-a0dd-9a2684c12174" Title="Switch Method " Url="html/Overload_IntervalApp_Switchable_Switcher_Switch.htm">
          <HelpTOCNode Title="Switch Method (UserControl)" Url="html/M_IntervalApp_Switchable_Switcher_Switch.htm" />
          <HelpTOCNode Title="Switch Method (UserControl, Object)" Url="html/M_IntervalApp_Switchable_Switcher_Switch_1.htm" />
        </HelpTOCNode>
      </HelpTOCNode>
      <HelpTOCNode Id="8100a426-c081-4865-ac67-179d14570e85" Title="Switcher Fields" Url="html/Fields_T_IntervalApp_Switchable_Switcher.htm">
        <HelpTOCNode Title="pageSwitcher Field" Url="html/F_IntervalApp_Switchable_Switcher_pageSwitcher.htm" />
      </HelpTOCNode>
    </HelpTOCNode>
  </HelpTOCNode>
</HelpTOC>
